Category,Question,Answer
Booking & Reservations,How far in advance should I book?,It's recommended to book as early as possible. Many companies accept bookings up to a year in advance with a deposit. Popular dates fill up quickly.
Booking & Reservations,Is a deposit required to reserve a bouncy castle?,Yes. Most companies require a non-refundable deposit (typically €50 or 10-50% of total rental fee) to secure your date. The deposit is applied toward your final balance.
Booking & Reservations,What payment methods are accepted?,Most rental companies accept credit cards. bank transfers. cash. and PayPal. Some may charge a fee for returned payments.
Booking & Reservations,Do you offer discounts for multiple-day rentals?,Yes. many companies offer discounted rates for multi-day rentals or weekday/off-season bookings. Ask about package deals.
Booking & Reservations,Do you have a referral program?,Some companies offer referral credits (e.g. €25 per referral) that can be applied to future bookings.
Cancellation & Weather Policies,What is the cancellation policy?,14+ days notice: Full refund minus processing fees. or deposit held for rescheduling. 5-13 days notice: Deposit may be forfeited. Less than 48 hours: Typically 50% cancellation fee or full deposit forfeiture.
Cancellation & Weather Policies,What happens if it rains or there's bad weather?,Most companies allow cancellation with full deposit refund if weather makes setup unsafe (high winds over 30km/h or Beaufort scale 5. storms. lightning). Rescheduling is also typically allowed.
Cancellation & Weather Policies,When can I cancel due to weather?,Weather cancellations usually require 24 hours notice. though some companies allow same-day cancellation if conditions are unsafe.
Setup Requirements,How much space do I need?,You need enough space for the inflatable dimensions plus additional clearance (typically 1-1.5 metres) on all sides. Check with your rental company for specific measurements.
Setup Requirements,What are the power requirements?,A standard 230V/16A (or 13A) electrical outlet within 15 metres of the setup location on a dedicated circuit. EU plug types C. E. F. or G (UK) depending on your country. If power is unavailable. you can rent a generator (additional fee applies).
Setup Requirements,What type of surface can the bouncy castle be set up on?,Most companies can set up on grass. concrete. asphalt. or indoors. Stakes are used for grass; sandbags may be required for hard surfaces (sometimes at extra cost).
Setup Requirements,What if my setup location is inaccessible or unsafe?,If the delivery team cannot safely set up due to inaccessible terrain. low power lines. or unsafe conditions. the booking fee will not be refunded.
Setup Requirements,Can the bouncy castle be set up indoors?,Yes. many inflatables can be set up indoors in gymnasiums. halls. or large rooms with sufficient ceiling height (typically 4.5+ metres). This is recommended for overnight rentals.
Delivery Setup & Pickup,Who sets up the bouncy castle?,The rental company typically handles delivery. setup. and takedown. Setup usually takes 15-30 minutes.
Delivery Setup & Pickup,What time will delivery and pickup occur?,Delivery is usually scheduled for the morning of your event. and pickup is in the evening or the following day. Standard rentals are typically for 6-8 hour periods.
Delivery Setup & Pickup,Do I need to be present for setup and pickup?,Yes. an adult must be present to sign the rental agreement and receive safety instructions during setup. and to verify condition during pickup.
Delivery Setup & Pickup,Is setup and takedown time counted as part of the rental duration?,Generally no—rental time refers to the period the inflatable is available for use. not including setup and takedown time.
Delivery Setup & Pickup,Can I keep the bouncy castle overnight?,Yes. overnight rentals are available at an additional charge. Overnight rentals should preferably be set up in a secure. enclosed indoor or covered location.
Safety Rules & Supervision,Is adult supervision required?,Yes. adult supervision (age 18+) is required at all times while the inflatable is in use. The supervisor is responsible for enforcing safety rules.
Safety Rules & Supervision,What are the capacity limits?,Standard bounce houses: 6-8 children at a time. Water slides: 1 rider at a time (or 2 for double-lane slides). Combo units: 6 riders maximum. Always follow specific guidelines provided.
Safety Rules & Supervision,Are there age or height restrictions?,Yes. most inflatables have age and height limits. Separate younger children from older/bigger children to prevent injuries. Adults should not bounce inside with small children present.
Safety Rules & Supervision,Do children need to wear socks?,Yes. socks are typically required to protect children's feet from friction burns and to maintain hygiene. Shoes must always be removed.
Safety Rules & Supervision,Can adults use the bouncy castle?,Most standard bouncy castles are designed for children only. However. some companies offer adult-sized inflatables. Never exceed the weight/capacity limits specified.
Safety Rules & Supervision,What items are prohibited in the bouncy castle?,Face paints. glitter. silly string. party poppers. confetti. shoes. glasses. jewelry. food. drinks. gum. candy. pets. climbing on walls or netting. flips. wrestling. and rough play.
Safety Rules & Supervision,Why is silly string prohibited?,Silly string is highly flammable and can damage the inflatable material. Use of silly string typically incurs a cleaning fee of €100 or more.
Insurance & Liability,Is the rental company insured?,Reputable companies carry Public Liability Insurance (minimum €5 million as required by EU regulations). Ask for proof of insurance if needed for schools. churches. or public events.
Insurance & Liability,Am I responsible for injuries or damage?,The renter assumes responsibility for the safety of all users. Most rental agreements require you to sign a liability waiver acknowledging that bouncing is a potentially dangerous activity.
Insurance & Liability,Should I get my own insurance?,Some companies recommend that hirers obtain their own public liability insurance covering their responsibility arising from use of the inflatable. especially for large events or public venues.
Location-Specific Questions,Can I set up a bouncy castle in a park or public space?,Yes. but you must secure any necessary permits from the local municipality or council beforehand. Some parks require proof of insurance and may have specific restrictions.
Location-Specific Questions,Do I need permission to set up on public property?,Yes. you typically need permits and may need to provide proof of insurance. Check with your local council or municipality well in advance.
Cleaning & Damage,What if the bouncy castle gets damaged during my rental?,You are responsible for damage caused by misuse. negligence. or failure to follow safety rules. Repair costs or replacement fees may apply. Normal wear and tear is typically covered.
Cleaning & Damage,Do I need to clean the bouncy castle before return?,The unit should be returned in the same condition received. Excessive cleaning required due to prohibited items may result in additional cleaning fees (€25-€100+).
Cleaning & Damage,What if the equipment malfunctions?,Stop use immediately and contact the rental company. Do not attempt to repair the equipment yourself.
Cleaning & Damage,Should I turn off the blower if it rains?,The blower should be kept running continuously during use. If rain occurs. evacuate the inflatable and cover the blower to prevent electrical hazards.
Pricing & Additional Fees,What is included in the rental price?,Most rental prices include the inflatable unit. delivery. setup. and takedown. However. always confirm as some companies charge separately for delivery or cleaning.
Pricing & Additional Fees,Are there any hidden fees I should know about?,Common additional charges: delivery fees for out-of-area locations. generator rental. setup fees for hard surfaces. late cancellation fees. cleaning fees (€25-€100+). damage repair costs. extended rental time fees.
Pricing & Additional Fees,How much does it cost to rent a bouncy castle?,Prices vary by size. type. and location: Small basic bounce houses: €100-€250. Larger combo units: €250-€500. Water slides/obstacle courses: €300-€800. Multi-day rentals often receive discounts.
General Questions,How are the bouncy castles cleaned?,Reputable companies clean and disinfect units after each use. Ask about their specific cleaning procedures if hygiene is a concern.
General Questions,Can I move the bouncy castle once it's set up?,No. never attempt to move the inflatable once it has been set up by the delivery team. This can damage the unit and create safety hazards.
General Questions,What if I need to extend my rental time on the day of the event?,Contact the rental company as soon as possible. Extensions are subject to availability and additional hourly fees.
General Questions,Can I use a water slide if it's not hot outside?,Water slides can be used as dry slides if the weather is cool—just don't connect the water. Confirm with your rental company that the unit is suitable for dry use.
Bouncy Kings Terms and Conditions,What areas do Bouncy Kings cover?,"Bouncy Kings cover Leicester, Derby, Coventry, Nottingham, Northampton, and Rugby."
Bouncy Kings Terms and Conditions,What types of products do Bouncy Kings offer?,"Bouncy Kings offer a wide range of products including Bouncy Castles, Inflatable Slides, Photo Booths, Soft Play, and more."
Bouncy Kings Terms and Conditions,Do Bouncy Kings offer package deals?,"Yes, Bouncy Kings offer various package deals such as Action Packages, Bounce and Slide Packages, and Wedding Packages."
Bouncy Kings Terms and Conditions,Which delivery areas are covered by the bouncy castle hire company?,"The delivery areas listed are: Ashby-de-la-Zouch, Bedworth, Beeston, Bingham, Burton on Trent, Coalville, Corby, Coventry, Daventry, Derby, Hinckley, Hucknall, Ilkeston, Kenilworth, Kettering, Leamington Spa, Leicester, Long Eaton, Loughborough, Lutterworth, Market Harborough, Melton Mowbray, Northampton, Nottingham, Nuneaton, Oakham, Rugby, Rushden, Rutland, Southam, Swadlincote, Uppingham, Warwick, Warwickshire, Wellingborough, and West Bridgford."
Bouncy Kings Terms and Conditions,What types of occasions can the hire be used for?,"The occasions listed include Adult Birthday Party, BBQ, Birthday Party - Adult's, Birthday Party - Children's, Charity Events, Family Fun, Religious Celebrations, Schools, Scouts, Stag & Hen, Toddler Days, and Weddings."
Bouncy Kings Terms and Conditions,What venue postcode areas are available on the site?,"The site lists venue categories for CV Post Code - Warwickshire Venues, DE Post Code - Derbyshire Venues, LE Post Code - Leicestershire Venues, NN Post Code - Northamptonshire Venues, and NG Post Code - Nottinghamshire Venues, plus an All Venues section."
Bouncy Kings Terms and Conditions,What types of entertainment and inflatable hire packages do you offer?,"The company lists a wide range of products, including Action Packages, Bounce and Slide Packages, Bouncy Castle Packages, Event Entertainment Packages, Fun Food Packages, Inflatable Slide Packages, Rodeo Bull Packages, Soft Play Packages, Wedding Packages, and many themed entertainment options such as Animal, Balloon, Celebration, Christmas, Circus, Dinosaur, Disco, Farm Yard, Football, Funfair, Jungle, Party, Paw Patrol, Pirate, Princess, Superhero, and Wedding themed entertainment."
Bouncy Kings Terms and Conditions,Do you offer equipment for different age groups and event types?,"Yes. The categories shown include Adult Equipment, Childrens Equipment, Teenager Equipment, Toddler Equipment, Corporate Entertainment, Indoor Equipment, Outdoor Equipment, Christmas Inflatables, and Inflatables with a Roof."
Bouncy Kings Terms and Conditions,Is there a rodeo bull hire service in Leicester?,"Yes, the page includes a category called ""Rodeo Bull Hire Leicester."""
All ProductsBouncy Castle Hire LeicesterPackage DealsBouncy CastlesChildrens …,What is your cancellation policy if I need to cancel or change my booking?,"The provided text does not include any cancellation policy, cancellation fees, or change terms."
All ProductsBouncy Castle Hire LeicesterPackage DealsBouncy CastlesChildrens …,"Do you charge a deposit, and if so how much is it?",The provided text does not mention any deposit amount or payment terms.
All ProductsBouncy Castle Hire LeicesterPackage DealsBouncy CastlesChildrens …,"What are your delivery and pickup times, and do you deliver in rainy weather?","The provided text does not include any delivery or pickup times, and it does not mention rain or weather-related delivery conditions."
All ProductsBouncy Castle Hire LeicesterPackage DealsBouncy CastlesChildrens …,What does “Wet Hire” mean in the terms and conditions?,“Wet Hire” means equipment or a service hired by the client but operated and supervised by the company (manned). This includes items with the words “with staff” in the item title or where event staff have been booked at an additional charge.
All ProductsBouncy Castle Hire LeicesterPackage DealsBouncy CastlesChildrens …,What are your standard delivery and collection times?,"Our standard delivery time is between 7am and 12 noon, and collection is between 4pm and 7pm."
All ProductsBouncy Castle Hire LeicesterPackage DealsBouncy CastlesChildrens …,Can I request a specific delivery or collection time?,"We are unable to take specific timings unless hiring a venue. You can make a request and notes can be added to your booking, and we will do our best to accommodate it, but it cannot be guaranteed."
All ProductsBouncy Castle Hire LeicesterPackage DealsBouncy CastlesChildrens …,"If I book online, does the website show the exact delivery time?","No. When booking online, the system shows the availability of the equipment or service for that day, not the ability to deliver at specific times. The company will let you know ASAP if it cannot fulfil your order or the specific time frame."
All ProductsBouncy Castle Hire LeicesterPackage DealsBouncy CastlesChildrens …,"Can I book an overnight hire, and are there any conditions?","Yes. Overnight service is available at an additional charge, but it is limited and offered strictly on a first come first served basis. It must be booked at the same time as the initial booking, cannot be added on the day, and the area must be totally secure and lockable."
All ProductsBouncy Castle Hire LeicesterPackage DealsBouncy CastlesChildrens …,When are delivery and connection times confirmed?,"Timings are finalised 2 days before the order date. Once finalised, you will receive an SMS text message on the number supplied with your delivery and connection timings. If you have not received this by the day prior to your order, you should contact the office to confirm your order and times."
All ProductsBouncy Castle Hire LeicesterPackage DealsBouncy CastlesChildrens …,Can delivery or connection times be changed after they are sent?,"No. Once the delivery and connection times have been sent, no alterations or changes can be made."
All ProductsBouncy Castle Hire LeicesterPackage DealsBouncy CastlesChildrens …,How much access space is needed for larger inflatables or equipment delivery?,"Some larger inflatables require at least a 1m access point, and in some cases the delivery team may need to drive directly onto the site or installation point."
All ProductsBouncy Castle Hire LeicesterPackage DealsBouncy CastlesChildrens …,Can I refuse collection of the equipment?,No. The client must not refuse the collection of the equipment for any reason.
All ProductsBouncy Castle Hire LeicesterPackage DealsBouncy CastlesChildrens …,What happens if the setup is delayed when the delivery team arrives?,"The delivery team needs to start setup straight away. Any delays may be charged at £10 for every ten minutes, or the delivery may be refused with no refund given."
All ProductsBouncy Castle Hire LeicesterPackage DealsBouncy CastlesChildrens …,"What happens if there are traffic problems, delays at previous deliveries, or vehicle breakdowns outside the company's control?","The company will not be held responsible or liable for any losses or costs incurred by you, and no additional compensation will be provided. The company recommends allowing 2 hours either side of your delivery and collection to help ensure the smooth running of your event."
All ProductsBouncy Castle Hire LeicesterPackage DealsBouncy CastlesChildrens …,"If equipment breaks down before or during my event, what refund will I get?","If a mechanical breakdown or equipment fault prevents or limits the company from fulfilling its contracted obligations, liability is limited to a pro rata refund of any monies paid for the specific item affected. If the breakdown happens during the event, the refund is for the remaining booked time based on the start and finish times provided. This applies only to the item at fault, not the booking as a whole."
All ProductsBouncy Castle Hire LeicesterPackage DealsBouncy CastlesChildrens …,What should I do if there is a breakdown or fault during the event?,All breakdowns or faults must be reported to the company ASAP by phone. The equipment should not be used again unless the company advises that it is safe to do so.
All ProductsBouncy Castle Hire LeicesterPackage DealsBouncy CastlesChildrens …,"If the equipment develops a fault during my hire, what will you do and how quickly?","Where possible, the company will dispatch someone to inspect the fault, provide a replacement subject to availability, and aim to fix or replace the equipment within 2 hours of the fault being reported."
All ProductsBouncy Castle Hire LeicesterPackage DealsBouncy CastlesChildrens …,Can the company change the booked equipment if it is unavailable?,"Yes. The company reserves the right to substitute any booked equipment or service with another piece of equipment or service of a similar type and value without prior notice if the booked item is unavailable, and will try to advise you as soon as possible."
All ProductsBouncy Castle Hire LeicesterPackage DealsBouncy CastlesChildrens …,"Who owns the equipment, and are the sizes and measurements exact?",All equipment remains the property of the company at all times. All sizes and measurements quoted are approximate and are to the best of the company's knowledge.
All ProductsBouncy Castle Hire LeicesterPackage DealsBouncy CastlesChildrens …,"What surface and space are required for outdoor inflatables, and what happens if the venue is unsuitable on delivery?","Outdoor inflatables must go onto real grass so they can be anchored down and meet BSEN 14960:2013. It is the client's responsibility to check they have enough space and the correct surface. If the surface, space, or venue is not suitable on delivery, the equipment will not be set up, delivery will be refused, and a full charge will still be due."
All ProductsBouncy Castle Hire LeicesterPackage DealsBouncy CastlesChildrens …,Can the equipment be moved after it has been delivered and set up?,"No. On delivery, the equipment will be set up in one agreed location and will not be moved once unloaded and erected. The client must not attempt to move, relocate, or reposition it because this could make it unsafe and cause injury and/or death."
All ProductsBouncy Castle Hire LeicesterPackage DealsBouncy CastlesChildrens …,What must the client tell the delivery team before setup?,"The client must inform the delivery team before delivery about any underground services on site, and also about any provisions that may affect access or setup, such as stairs, obstructions, or excess distance to site over 50m. The company will not accept responsibility or the cost of damage caused by undisclosed underground services."
All ProductsBouncy Castle Hire LeicesterPackage DealsBouncy CastlesChildrens …,What power supply do your inflatables and equipment usually need?,"Most of the equipment needs a power supply, normally a household 13 amp 3-pin plug or a 16 amp socket. The number of sockets needed depends on the type and number of items ordered, and if you are unsure you should check with the office."
All ProductsBouncy Castle Hire LeicesterPackage DealsBouncy CastlesChildrens …,How far can you run the power cables before a generator is needed?,"We use 25m extension leads to connect the power and equipment. These can be doubled up to a maximum length of 50m; after that, a generator would be required."
All ProductsBouncy Castle Hire LeicesterPackage DealsBouncy CastlesChildrens …,"If I use a generator, what am I responsible for?","If you use a generator, the equipment requires 16 amp sockets. It is the client's responsibility to make sure the generator is powerful enough for the hired equipment, that there are enough 16 amp sockets with suitable leads and connectors, and we strongly recommend booking a backup generator as well. For dry hire, the generator will also need refueling during the hire period, and someone capable must be available to do this and check fuel levels regularly so they do not go below 1/4."
All ProductsBouncy Castle Hire LeicesterPackage DealsBouncy CastlesChildrens …,What health and safety checks do I need to do before my booking can go ahead?,"Before placing a booking, the client must have checked and understood all health and safety documentation from the company and from the venue for the hire to go ahead. If you have any queries, you should contact them before booking."
All ProductsBouncy Castle Hire LeicesterPackage DealsBouncy CastlesChildrens …,What clothing must users wear on the equipment?,"Appropriate clothing must be worn at all times. All users must wear socks and all exposed skin must be covered to avoid burns, injury, or friction burns."
All ProductsBouncy Castle Hire LeicesterPackage DealsBouncy CastlesChildrens …,Can the inflatable be used in hot weather?,"During hot weather, inflatables and PVC can become extremely hot. If the inflatable becomes too hot, it must not be used until the temperature has cooled."
All ProductsBouncy Castle Hire LeicesterPackage DealsBouncy CastlesChildrens …,"Do you provide staff to supervise the equipment, and what do they do?","Yes, event staff can be provided on request for an additional charge, subject to availability. If hired, they are there to operate and supervise the equipment safely, but they are not responsible for minding children or the venue’s property."
All ProductsBouncy Castle Hire LeicesterPackage DealsBouncy CastlesChildrens …,"How much public liability insurance do you have, and what does it cover?","The company provides £5 million public liability insurance, which covers the equipment only and not the users. It is the client’s responsibility to make sure they have adequate insurance cover for the users and the public."
All ProductsBouncy Castle Hire LeicesterPackage DealsBouncy CastlesChildrens …,"Can you remove equipment during an event if there is a safety issue, and will I get a refund?","Yes. The company reserves the right to remove or stop operating any equipment if guest conduct endangers the safety of other guests or users, or for any other reason the company sees fit. In those cases, no refund will be offered."
All ProductsBouncy Castle Hire LeicesterPackage DealsBouncy CastlesChildrens …,What happens if the weather is bad on the day of my booking?,The company will still turn up to all bookings regardless of the weather. No reduction in charges will be offered because of adverse weather on the day.
All ProductsBouncy Castle Hire LeicesterPackage DealsBouncy CastlesChildrens …,Can inflatable equipment be used in strong wind or rain?,"No. Inflatable equipment must not be operated in wind speeds exceeding 24mph, and it should be unplugged until the wind speed reduces. During periods of rain, the equipment must not be used and must be dried before using again."
All ProductsBouncy Castle Hire LeicesterPackage DealsBouncy CastlesChildrens …,"If the company cancels my order because of high winds, will I get a refund?","No. If the order is cancelled due to high winds, any money or deposit paid will not be refunded, but will be used as a credit note on a future booking."
All ProductsBouncy Castle Hire LeicesterPackage DealsBouncy CastlesChildrens …,How long are written quotations valid for?,Written quotations are valid for 14 days.
All ProductsBouncy Castle Hire LeicesterPackage DealsBouncy CastlesChildrens …,What deposit is required when placing an order?,"All orders require at least a 25% deposit, and it must be paid at the time of booking. Any order without a deposit will be cancelled."
All ProductsBouncy Castle Hire LeicesterPackage DealsBouncy CastlesChildrens …,When is the remaining balance due?,"For bookings above £200, wet hires, or weddings, the remaining balance is due 4 weeks before the hire date. For all other orders, the balance can be paid in cash on the day to the driver or by card through the office up to 2 days before the order."
All ProductsBouncy Castle Hire LeicesterPackage DealsBouncy CastlesChildrens …,Can I cancel my hire if I change my mind after booking a specific product or service for a specific date?,"No. BK Inflatables Limited does not accept cancellations for hiring specific products, goods or services on a specific date."
All ProductsBouncy Castle Hire LeicesterPackage DealsBouncy CastlesChildrens …,What should I do if I am unhappy with the equipment or service when it is delivered?,"Tell the delivery team immediately and do not sign for any of the equipment until the issue has been resolved to your satisfaction. Once you sign, you are confirming you are completely happy, and any later claim will not be accepted and no refund will be offered."
All ProductsBouncy Castle Hire LeicesterPackage DealsBouncy CastlesChildrens …,What if I have a problem during the event?,You must report it as soon as possible by phone so the company can try to put it right. Any claims made after the hire period will not be accepted.
All ProductsBouncy Castle Hire LeicesterPackage DealsBouncy CastlesChildrens …,What areas does Bouncy Kings mention in this section of the terms?,"This section mentions Derby, Leicester, Northampton, and Nottingham."
All ProductsBouncy Castle Hire LeicesterPackage DealsBouncy CastlesChildrens …,What is the company name and registered address shown in this section?,"The company is BK Inflatables Ltd, trading as Bouncy Kings, and its registered address is N11 Troon Business Centre, Humberstone Lane, Leicester, LE4 9HA."
All ProductsBouncy Castle Hire LeicesterPackage DealsBouncy CastlesChildrens …,What contact details are provided in this section?,The phone number is 0116 2743196 and the email address is bookings@bouncykings.co.uk.
Terms & Conditions of Bouncy Castle Hire | Inflatable Party Rental,What deposit is required to confirm a booking?,A deposit of 20% is required to confirm the booking.
Terms & Conditions of Bouncy Castle Hire | Inflatable Party Rental,"Do you deliver and collect the inflatable, and what are the times?","Yes, delivery and collection are arranged by the company, but the exact delivery and pickup times are not stated in the provided text."
Terms & Conditions of Bouncy Castle Hire | Inflatable Party Rental,What happens if it rains or the weather is bad?,The provided text does not include any weather or rain policy details.
Terms & Conditions of Bouncy Castle Hire | Inflatable Party Rental,What delivery areas do you cover?,"The listed delivery areas include BR1 to BR8, DA1 to DA18, ME1 to ME20, RM1, RM13, RM15, RM16, RM17, RM19, RM20, SE2, SE7, SE9, SE10, SE15, SE16, SE18, SE28, TN1 to TN17, and TN23 to TN31. If your area is not listed, there is an option for ""My Area Isn't Listed."""
Terms & Conditions of Bouncy Castle Hire | Inflatable Party Rental,Can I check availability and book online?,"Yes, the page says you can ""check availability & book online."""
Terms & Conditions of Bouncy Castle Hire | Inflatable Party Rental,What product categories are available?,"The categories shown include Bouncy Castle Hire, Ball Pools, Soft Play Hire, Adult Bouncy Castles, Party Packages, Disco Dome Hire, Night Club, Bounce and Slide Bouncy Castle Hire, Slide Hire, Assault Course Hire, Inflatable Games, Low Height Bouncy Castles, Small Bouncy Castles, Peppa Pig, Sumo Wrestling Suits, Popcorn, Sweets & Slush Machine Hire, Photo Booths & Backdrops, Interactive Play, Bumper Carz Hire, LED Light Up Numbers & Letters, Mascot Hire, Birthday Party Hire, Corporate Event Hire, Wedding Hire, Event Decor, Giant Games, Party Games & Extras, Christmas Range, and Indoor Play At Home."
Terms & Conditions of Bouncy Castle Hire | Inflatable Party Rental,What areas do you deliver to?,"Simply Bouncy Castle Hire provides party equipment across Kent, including Dartford, Gravesend, Rochester, Sidcup, Chatham, Welling, and surrounding areas."
Terms & Conditions of Bouncy Castle Hire | Inflatable Party Rental,What types of products and services do you hire out?,"The company hires out bouncy castles, soft play packages, inflatable games, and seasonal items such as Santas Grottos and Easter mascots."
Terms & Conditions of Bouncy Castle Hire | Inflatable Party Rental,What is this Terms and Conditions page for?,"It outlines everything you need to know about hiring from Simply Bouncy Castle Hire, including important information about the service you receive."
Terms & Conditions of Bouncy Castle Hire | Inflatable Party Rental,What safety rules should be followed when using the bouncy castle or other inflatable?,"As the hirer, you must take all reasonable steps to avoid injury or damage. Users should not have food or drink, including chewing gum, on or near the inflatable; children should not use it if they have had their faces painted; and party poppers, streamers, silly string, and ink-based products can damage the equipment. All users should remove footwear, glasses, jewellery, badges, toys, and any other sharp objects before use."
Terms & Conditions of Bouncy Castle Hire | Inflatable Party Rental,"Who must supervise the inflatable, and what are they responsible for?","A responsible person must be appointed to supervise the inflatable at all times. They must stop users from dangerous behaviour such as climbing, hanging or sitting on the walls, and keep children under control to prevent pushing, jostling or fighting."
Terms & Conditions of Bouncy Castle Hire | Inflatable Party Rental,"Are somersaults, smoking, or barbecue equipment allowed near the bouncy castle?",No. Somersaults on the inflatables are strictly forbidden. Smoking and the use of barbecue equipment near the bouncy castle are also not allowed.
Terms & Conditions of Bouncy Castle Hire | Inflatable Party Rental,What happens if the inflatable is dirty or damaged when it is collected?,"If the rental is dirty or shows damage upon collection, the company reserves the right to charge for cleaning and/or repairs."
Terms & Conditions of Bouncy Castle Hire | Inflatable Party Rental,Can the inflatable be used if the jumping area gets wet or if it rains heavily?,"No. Inflatables must not be used if the jumping area becomes wet. If it starts raining and the unit does not have a shower cover, stop use until the rain has stopped and the unit has been carefully dried. If the rain becomes heavy, switch the unit off and dry it carefully once reinflated."
Terms & Conditions of Bouncy Castle Hire | Inflatable Party Rental,What should I do if the inflatable needs to be moved after it has been positioned?,"Avoid moving it once it has been positioned. If it must be moved, make sure there is a clear 6 feet (2 metres) around the unit and that the blower is at least 3 ft (one metre) away."
Terms & Conditions of Bouncy Castle Hire | Inflatable Party Rental,What should I do if the blower fails during use?,"Remove all users immediately and press the blower reset button to restart the unit. Do not let users back on until it has fully reinflated. If the reset button does not work, check the fuse on the plug, any trip switches at your fuse box, and whether the blower tube has disconnected or become blocked. If the unit has overheated, leave it for five minutes and try again. If you still cannot restart it, inform the company immediately."
Terms & Conditions of Bouncy Castle Hire | Inflatable Party Rental,What towns or areas does GreenBouncy Castle Hire serve?,"The text mentions Newbarn, Northfleet, Rochester, Sidcup, Snodland, Strood, Swanley, Walderslade, Welling, and West Malling."
Terms & Conditions of Hire | Bouncy Castle & Inflatable Rentals,What weather conditions can affect delivery or setup of the inflatable?,"The terms mention weather/rain conditions as important, but the provided text does not give specific rules or thresholds. No concrete rain or weather policy is stated in the excerpt."
Terms & Conditions of Hire | Bouncy Castle & Inflatable Rentals,What are the delivery and pickup times?,The excerpt does not state any specific delivery or pickup times.
Terms & Conditions of Hire | Bouncy Castle & Inflatable Rentals,"Is a deposit required, and if so how much is it?",The provided text does not include any deposit amount or deposit policy.
Terms & Conditions of Hire | Bouncy Castle & Inflatable Rentals,Which venues are listed as suitable for hire in this section?,"The section lists many venues, including Church Hall, Brentwood Cathedral Hall, Broadmead Baptist Church Hall, Broomfield Community Centre, Busy Bees Play Group Hall, Canon Roche Social Centre, Carries Hall (Hornchurch), Castle Hall, Champions Hall, Chelmsford Galleywood Heritage Centre, Christ Church, Christy Hall, Cranham Social Centre, David Lloyd Centre, Daws Heath Residents Association Hall, D's Cafe Diner, Earls Hall Baptist Church, Eastwood Community Centre, Emerson Park Social Hall, Epping Sports Centre, Fairkytes Arts Centre, Friars Baptist Church, Friends Meeting House (Quaker Hall), Glebe Community Hall, Grange Community Centre, Hadleigh Baptist Church Hall, Hadleigh Old Fire Station, Hannakins Farm Community Centre, Harold Hill Community Centre, Hatfield Peveral Village Hall, Hawkwell Baptist Christian Centre, Highlands Methodist Church Hall, Hockley Community Centre, Hockley Village Hall, Holy Trinity Church Hall (Chelmsford), Holy Trinity Church Hall (Rayleigh), HOPWA House, Hornchuch Conservative Club, Hullbridge Community Centre, Hullbridge Sports & Social Club, Hutton Community Centre, Hutton Free Church Hall, Hutton Parish Hall, Hutton Poplars Hall, Ingaway Church Hall, Jack Silley Pavillion, Keys Hall, King George V Pavilion, Kursaal Function Suite, Laindon Community Centre, Langham Crescent Hall, Limes Farm Community Hall, Lindsey Street Community Association Hall, Marks Farm Community Centre, Marks Tey Parish Hall, and Methodist Church Hall."
Terms & Conditions of Hire | Bouncy Castle & Inflatable Rentals,What happens if the bounce castle cannot be safely set up because of bad weather or unsafe conditions at the venue?,"The provided text only lists venue names and does not include any terms about weather, safety conditions, delivery, pickup, or cancellations."
Terms & Conditions of Hire | Bouncy Castle & Inflatable Rentals,"Are there any deposit amounts, fees, or cancellation charges mentioned for these venues?","No. The text shown does not mention any deposit amounts, fees, or cancellation charges."
Terms & Conditions of Hire | Bouncy Castle & Inflatable Rentals,What are the delivery and collection times for bookings at these locations?,The excerpt does not provide any delivery or pickup times; it only contains a list of venue names.
Terms & Conditions of Hire | Bouncy Castle & Inflatable Rentals,What venues are listed for hire in Essex?,"The listed venues include Church Hall, Steeple View Hall, The English Martyrs Church Hall, The Garrons Golf Club, The Harrow Pub, The Hoy & Helmet (Function Room), The MegaCentre Rayleigh, The Old Chigwellians Club, The Old Fire Station, The Paddocks, The Paddocks Community Centre, The Parish Rooms, The Salvation Army Hall, The Stables, The Wick Community Centre, Thundersley Methodist Church Hall, Tipps Cross Remembrance Hall, United Reformed Church, Upminster Methodist Church Hall, War Memorial Hall, Westcliff Free Church, Westcliff Spiritualist Church, Wickford Community Centre, Wickford Cricket Club, Widford Parish Hall, and Woodham Ferrers Village Hall."
Terms & Conditions of Hire | Bouncy Castle & Inflatable Rentals,What are the office hours and contact numbers?,"Office hours are 9am - 9pm, 7 days a week. The contact numbers shown are 01268 759 630 and 07976 167 836."
Terms & Conditions of Hire | Bouncy Castle & Inflatable Rentals,What happens if I cancel my booking because of bad weather or rain?,"If the weather forecast looks adverse, Ellis Leisure will contact you to discuss an alternative arrangement. If the weather prevents the hire from going ahead, you may be able to rearrange for another date. The text does not state any rain-specific refund amount."
Terms & Conditions of Hire | Bouncy Castle & Inflatable Rentals,Do I need to pay a deposit when booking?,The provided terms section does not mention any deposit amount or booking deposit requirement.
Terms & Conditions of Hire | Bouncy Castle & Inflatable Rentals,When does the hire start and end?,The hire starts on the date the goods are delivered and continues until the goods are collected by Ellis Leisure.
Terms & Conditions of Hire | Bouncy Castle & Inflatable Rentals,When do I have to pay the deposit and the balance?,"You must pay the deposit shown on the booking form when you sign the agreement, and you must pay the balance upon delivery of the goods."
Terms & Conditions of Hire | Bouncy Castle & Inflatable Rentals,What should I do if the goods are not satisfactory when they are delivered?,"You should inspect the goods upon delivery, and if they are not satisfactory you must tell Ellis Leisure of any defect immediately."
Terms & Conditions of Hire | Bouncy Castle & Inflatable Rentals,"Who is responsible for the equipment once it has been delivered, and what happens if it is damaged, destroyed, or stolen during the hire period?","The equipment is at your sole risk during the hire period once it has been delivered. If any goods are damaged, destroyed, or stolen, ELLIS LEISURE is entitled to full payment for them, and the cost of replacing, reinstating, or restoring them will be charged as an extra. You are not responsible for loss caused solely by the negligence of ELLIS LEISURE, its subcontractor, or their employees."
Terms & Conditions of Hire | Bouncy Castle & Inflatable Rentals,Do I need to insure the hired equipment?,Yes. You must keep the goods fully insured for their full replacement value against all risks prudently insured against for at least the whole hire period.
Terms & Conditions of Hire | Bouncy Castle & Inflatable Rentals,Can I connect other equipment to the hired goods or mortgage them to someone else?,"No. You must not mortgage the goods to anyone, and you must not connect any other equipment to the goods without prior written approval from ELLIS LEISURE."
Terms & Conditions of Hire | Bouncy Castle & Inflatable Rentals,What are your delivery and collection times?,"Deliveries are made between 7:00am and 12:00pm, and collections are from 4:30pm onwards. If your event finishes earlier than 4:30pm, they will try to accommodate you, but this is not guaranteed. Ellis Leisure also has the right to collect your equipment from 5:00pm onwards."
Terms & Conditions of Hire | Bouncy Castle & Inflatable Rentals,Will I be told my estimated delivery and collection times?,"Yes. You will be notified of the estimated arrival and collection times before your event, although the actual collection could end up being earlier than stated."
Terms & Conditions of Hire | Bouncy Castle & Inflatable Rentals,When do I need to pay for the hire?,"You are required to settle your account immediately upon delivery of the goods. If you do not pay in full, Ellis Leisure may remove the goods from your premises and charge you the full cost of the hire. Interest will also be charged at 3% per month of the total invoice amount from the due date."
Terms & Conditions of Hire | Bouncy Castle & Inflatable Rentals,"How much deposit do I need to send with my booking form, and who should the cheque be payable to?",A deposit of £20.00 per item hired must be enclosed with the completed booking form. All cheques should be payable to Ellis Leisure.
Terms & Conditions of Hire | Bouncy Castle & Inflatable Rentals,"Will I be charged if a payment I make by cheque, credit, or another method is not honored?","Yes. Ellis Leisure reserves the right to charge an administration fee of £50.00 for any payment made by cheque, credit, or any other form of payment that is not honored for whatever reason."
Terms & Conditions of Hire | Bouncy Castle & Inflatable Rentals,What happens if I cancel my inflatable or related hire within 7 days of the event?,"If you cancel within 168 hours (7 days) of your event date, you will forfeit your deposit. Cancellations made at any other time incur no charge and any payments will be returned."
Terms & Conditions of Hire | Bouncy Castle & Inflatable Rentals,"If I need to postpone or cancel because of Coronavirus/Covid-19 restrictions, what happens to my payment?","If your event cannot go ahead due to government restrictions, or because the venue has had to be closed because of a confirmed case, Ellis Leisure will accept transfer of the payment towards an alternative date, subject to availability, within 12 months of the original booking."
Terms & Conditions of Hire | Bouncy Castle & Inflatable Rentals,How long can a deposit transfer be held for if I request a new date?,Transfers of deposits are limited to a time frame of 12 months unless Ellis Leisure specifically confirms otherwise.
Terms & Conditions of Hire | Bouncy Castle & Inflatable Rentals,What happens if Ellis Leisure cancels my booking for reasons other than adverse weather?,"Cancellations made by Ellis Leisure at any time, except for on the event date, due to circumstances other than adverse weather will result in a forfeiture of your deposit. If the cancellation is due to other circumstances and happens on the event date, full payment may be due."
Terms & Conditions of Hire | Bouncy Castle & Inflatable Rentals,What happens if I return the goods late after the hire period ends?,"You must return the goods at your risk and cost in good condition to an address specified by Ellis Leisure, unless collection has been pre-booked and paid for. A late return will be charged at the full daily rate of equipment hire for each full day late, or part thereof."
Terms & Conditions of Hire | Bouncy Castle & Inflatable Rentals,"Who is responsible for loss, damage, or injury to a third party during the hire period?","The hirer indemnifies Ellis Leisure against any loss, damage, or injury to any third party arising through use of the equipment during the hire period, except where such loss, damage, or injury is caused by the negligence of Ellis Leisure, their contractors, sub-contractors, or their servants."
Terms & Conditions of Hire | Bouncy Castle & Inflatable Rentals,What warranty is provided for the hired goods?,Ellis Leisure warrants that all goods will be supplied free from defects in material and workmanship for the hire period. Their liability is limited to repairing and replacing defective equipment or component parts during normal business hours.
Terms & Conditions of Hire | Bouncy Castle & Inflatable Rentals,"What happens if there is a delay, loss, damage or injury caused by something beyond your reasonable control?","We will not be liable for any delay, loss, damage or injury arising out of any cause whatsoever beyond our reasonable control."
Terms & Conditions of Hire | Bouncy Castle & Inflatable Rentals,Which law governs the agreement and which courts have jurisdiction?,"The agreement is governed by and construed in accordance with the Laws of England, and the parties submit to the non-exclusive jurisdiction of the English Courts."
Terms & Conditions of Hire | Bouncy Castle & Inflatable Rentals,What happens if I breach the agreement or become insolvent?,"If you breach any term and do not remedy a remediable breach within seven days of written notice, or if you become bankrupt, enter composition with creditors, have a receiver appointed, leave a judgment unsatisfied for more than seven days, or (if a company) enter liquidation or winding up, we may determine the agreement by written notice."
Terms & Conditions of Hire | Bouncy Castle & Inflatable Rentals,What happens if I do not return the equipment when demanded or still owe money under the agreement?,"If you do not deliver the equipment up on demand, the company is entitled to repossess it. It may also give written notice making any outstanding amounts under this or any other agreement immediately due and payable, and those amounts will bear interest at the rates set out above from the date of the notice until actual payment, whether before or after judgment."
Terms & Conditions of Hire | Bouncy Castle & Inflatable Rentals,Does the company give up any rights if it relaxes or delays enforcing the agreement?,No. Any relaxation or indulgence granted by the company will not be treated as a waiver of its rights under the agreement or as prejudicing those rights.
Terms & Conditions of Hire | Bouncy Castle & Inflatable Rentals,What safety rules must be followed when using the bouncy castle?,"The hirer must take all possible steps to avoid injury or damage. No one over the maximum user height limit shown on the unit may use it, no food or drinks may be consumed on it, and no person who has consumed alcohol, drugs, or any other intoxicating substance may use the equipment."
Terms & Conditions of Hire | Bouncy Castle & Inflatable Rentals,What safety rules must be followed around the inflatable equipment?,"The equipment must be used in a fenced-off, glass-free area. Shoes, badges and jewellery such as large earrings and necklaces must be removed, and spectacles should also be removed if possible. No face paints, party poppers, coloured streamers or silly string may be used near or on the equipment, and sand pits or sand near the equipment are not allowed. Smoking near the equipment is prohibited, climbing/hanging/sitting on the walls is very dangerous and must not be allowed, and only a responsible adult over 18 must supervise at all times."
Terms & Conditions of Hire | Bouncy Castle & Inflatable Rentals,Can the inflatable be overcrowded or used by mixed-size users?,"No. The inflatable must not be overcrowded, and you must follow the user table on the unit. Do not mix the height or size of users."
Terms & Conditions of Hire | Bouncy Castle & Inflatable Rentals,Are there any restrictions for users with health issues or during inflation/deflation?,"Yes. Do not allow anyone with a history of back or neck problems to use the equipment, and no-one should be on the inflatable during inflation or deflation."
Terms & Conditions of Hire | Bouncy Castle & Inflatable Rentals,What should we do if it starts to rain while the inflatable or soft play is being used?,"If it starts to rain, the inflatable should be switched off. Any wetness, including bubbling, can be towel dried once the inflatable is re-inflated. Please do not allow any soft play shapes to become saturated, and if it starts to rain, take any soft play shapes indoors or you could be charged."
Terms & Conditions of Hire | Bouncy Castle & Inflatable Rentals,What happens if the balls are not all picked up and bagged before pickup?,"Unless all balls are picked up and bagged before their return, your £20.00 deposit will be cashed."
Terms & Conditions of Hire | Bouncy Castle & Inflatable Rentals,What is the charge if footballs are lost or damaged?,"If any footballs are lost or damaged, you will incur a £20.00 charge."
Terms & Conditions of Hire | Bouncy Castle & Inflatable Rentals,"Who is responsible for loss, malicious damage, or vandalism to the equipment while it is on hire?","The customer is responsible for any loss of equipment, and any malicious damage or vandalism caused, excluding normal wear, while it is on hire."
Terms & Conditions of Hire | Bouncy Castle & Inflatable Rentals,What happens when I confirm a booking with Ellis Leisure?,"By agreeing to or proceeding to confirm a booking with Ellis Leisure, you are subject to these Terms & Conditions and also agree to Ellis Leisure’s terms and conditions of the hire contract."
Terms & Conditions of Hire | Bouncy Castle & Inflatable Rentals,"Do you deliver and collect bouncy castles, and what are the usual times?","Yes. Deliveries and collections take place during the daytime only, normally between 9:00am and 5:30pm, Monday to Friday. If you require an evening booking, this must be agreed in advance, and after 5:30pm there may be an extra charge."
Terms & Conditions of Hire | Bouncy Castle & Inflatable Rentals,What happens if I cancel my booking or need to change it because of bad weather?,"If you cancel at least 48 hours before your event, you will get a refund minus the booking fee. If you cancel within 48 hours of the event, a fee of 50% of the order cost applies. If the company has already arrived to deliver, no refund will be given. In bad weather, if you choose to cancel because of rain or unsuitable conditions, the same terms apply."
Terms & Conditions of Hire | Bouncy Castle & Inflatable Rentals,"Do I need to pay a deposit, and when does it need to be paid?","A deposit is required to secure the booking. The deposit amount is 20% of the total booking cost, and the balance must be paid before or on delivery."
Terms & Conditions of Hire | Bouncy Castle & Inflatable Rentals,"What happens if the weather is unsuitable for the booking, and can I get a refund?","If the weather is unsuitable and the company thinks the inflatable would be unsafe to leave, the booking will be cancelled. The hirer can choose to wait until another date is available. Refunds are not given for cancellations due to poor weather once the item has been delivered and installed."
Terms & Conditions of Hire | Bouncy Castle & Inflatable Rentals,"What time do you deliver and collect, and do you wait if I am not ready?","The company will deliver and collect within the agreed times, but if the hirer is not ready for collection they may have to pay an extra charge. The exact delivery and pickup times are arranged as part of the booking."
Terms & Conditions of Hire | Bouncy Castle & Inflatable Rentals,"Is a deposit required, and when is the final balance due?","A deposit is required to secure the booking, and the balance must be paid before or on delivery. The terms say the deposit is non-refundable if the hirer cancels."
Terms & Conditions of Hire | Bouncy Castle & Inflatable Rentals,What happens if I cancel my booking?,"If you cancel more than 24 hours before the event, you are liable for 50% of the hire charge. If you cancel less than 24 hours before the event, you are liable for 100% of the hire charge."
Terms & Conditions of Hire | Bouncy Castle & Inflatable Rentals,What happens if the weather is bad on the day of hire?,"If the weather is bad on the day of hire, the company reserves the right to cancel the booking and no refund will be made. The booking can be used for an indoor venue on the same date, subject to availability. If the booking is moved to another date because of weather, there may be an additional charge of 50% of the hire fee."
Terms & Conditions of Hire | Bouncy Castle & Inflatable Rentals,What are the setup and collection times for the inflatable?,"The inflatables are delivered between 07:30 and 13:00 on the day of hire, unless a specific time is requested. Collection is on the same day by 20:00. Weekend overnight hire is available on selected products, but the company must know at the time of booking."
"Terms & Conditions - Hire in Didcot, Swindon, Wiltshire, Oxford, Three Counties …",Do I need to read and agree to the Terms and Conditions before booking?,Yes. Bookings are accepted on the basis that the Terms and Conditions of Hire have been read and agreed.
"Terms & Conditions - Hire in Didcot, Swindon, Wiltshire, Oxford, Three Counties …",Will anyone be sent to collect the equipment on your behalf?,"No. The company states that, due to potential theft, they do not send anyone to collect the equipment on their behalf."
"Terms & Conditions - Hire in Didcot, Swindon, Wiltshire, Oxford, Three Counties …",What happens if the equipment is collected by someone other than Nicebounce Bouncy Castles?,You will be fully liable for new replacements and costs if the equipment is collected by anyone else except Nicebounce Bouncy Castles.
"Terms & Conditions - Hire in Didcot, Swindon, Wiltshire, Oxford, Three Counties …",Who is allowed to use the children's inflatable equipment?,"No adults should use equipment supplied solely for children's use. These units are intended for people below the age of 16 years, so no one over 16 should use the equipment."
"Terms & Conditions - Hire in Didcot, Swindon, Wiltshire, Oxford, Three Counties …",Does an adult need to supervise the equipment during hire?,Yes. A responsible adult over 18 years of age must supervise the equipment and children at all times. The supervisor must not be under the influence of drink or drugs.
"Terms & Conditions - Hire in Didcot, Swindon, Wiltshire, Oxford, Three Counties …",What ID and payment are needed on delivery?,"You must have 2 forms of ID, with at least one photo ID and your home address, such as a driving licence, passport, recent utility bill or bank statement. If you don't have ID and payment on delivery, the delivery team may cancel your order."
"Terms & Conditions - Hire in Didcot, Swindon, Wiltshire, Oxford, Three Counties …",Who should not use the bouncy castle because of medical reasons?,"Anyone with a history of heart, neck or back problems, high blood pressure, joint weakness, or any known medical disability must not be allowed to use the equipment. Anyone who feels unwell should be removed immediately."
"Terms & Conditions - Hire in Didcot, Swindon, Wiltshire, Oxford, Three Counties …",How should children get on and off the inflatable?,"Children must enter and exit from the front of the step only, not from the sides. The step is there to help users get on and off, and any safety mats supplied must be kept in position so users enter and exit via the matted area. Full adult supervision is required."
"Terms & Conditions - Hire in Didcot, Swindon, Wiltshire, Oxford, Three Counties …",What activities are not allowed on or around the inflatable?,"No one may bounce on the front step, climb, hang or sit on the side walls, or behave in ways that could cause injury or damage. Children must not push, collide, fight, attempt somersaults, wrestle or run on the inflatable, and no one should be on it during inflation or deflation."
"Terms & Conditions - Hire in Didcot, Swindon, Wiltshire, Oxford, Three Counties …","What happens if the bouncy castle or equipment gets soiled, for example from drinks, sweets, chewing gum, water, soapy water, pets, toys, barbecues, smoking, shoes or sharp objects?","These items are not allowed on or near the equipment. Cleaning charges apply, normally from £50.00, but the charge may be more depending on the severity of the soiling. Any soiling damage will be charged as per contract."
"Terms & Conditions - Hire in Didcot, Swindon, Wiltshire, Oxford, Three Counties …","Can I glue, stick, attach, or hang notices or signs on the bouncy castle?","No. Do not glue, stick, attach, or hang any notices or signs to the bouncy castle and equipment, as this can cause injury and may leave a sticky residue. Cleaning charges apply."
"Terms & Conditions - Hire in Didcot, Swindon, Wiltshire, Oxford, Three Counties …",What should I do if an accident occurs?,"Notify the company immediately by telephone on 07921124205. Full details must be recorded in writing, including the injured party’s name and address, the date, time and place of the incident, the circumstances of the accident, and the responsible supervising adult. A copy of the report must be handed to the driver on collection or emailed to info@nicebounce.co.uk within 7 days."
"Terms & Conditions - Hire in Didcot, Swindon, Wiltshire, Oxford, Three Counties …",Can I move or reposition the inflatable myself during hire?,"No. If the Hirer moves or repositions the inflatable without permission, the Hirer is liable for full repair or replacement costs, plus any loss of business resulting from the loss or damage, as per the hire contract."
"Terms & Conditions - Hire in Didcot, Swindon, Wiltshire, Oxford, Three Counties …",What should I do with the inflatable in rain or bad weather?,"Please leave the inflatable running at all times, even during light rain. It should not be used in high winds or wet conditions, and it should only be switched off during extremely high winds and/or torrential rain. After rain showers, any wetness, including normal bubbling, can be dried with a towel. We also reserve the right to cancel and/or collect the equipment at any time if a severe weather warning comes into force."
"Terms & Conditions - Hire in Didcot, Swindon, Wiltshire, Oxford, Three Counties …",What should I do if the blower stops working?,"If the blower stops working, all users must exit the inflatable immediately. Check that the blower tube has not come loose, the deflation zip is still closed, and that nothing is obstructing the blower. If none of these fixes the problem, contact us for further assistance."
"Terms & Conditions - Hire in Didcot, Swindon, Wiltshire, Oxford, Three Counties …",Who is responsible for supervising children or vulnerable adults during setup and packing away of the inflatable and equipment?,"It is the Hirer’s responsibility to arrange adequate supervision of the children or vulnerable adults during setting up and packing away of the inflatable and equipment, and they must not touch the equipment during that time."
"Terms & Conditions - Hire in Didcot, Swindon, Wiltshire, Oxford, Three Counties …","What happens if the equipment is damaged through misuse, neglect, loss, or failure to follow the conditions?","The Hirer will be liable for the full repair or replacement costs, plus any court costs or any loss of business resulting from the loss or damage, as per the hire contract."
"Terms & Conditions - Hire in Didcot, Swindon, Wiltshire, Oxford, Three Counties …","Who is responsible for access, clearances, and underground services when equipment is delivered and secured?","The Hirer must ensure the delivery team has adequate access and clearances, and must inform Nicebounce of any known underground services before the equipment is secured to the ground using ground stakes (anchors)."
"Terms & Conditions - Hire in Didcot, Swindon, Wiltshire, Oxford, Three Counties …","What happens if setup or pack-away is delayed because access, parking, or the setup area is difficult to reach?","Delivery/setup and collection/pack-away times are based on a maximum of 25 minutes each way. If delays occur due to issues such as gaining access, inadequate parking, excessive distance to the setup point, moving items like garden furniture or trampolines, cutting overhanging branches, mowing the grass, or going to a cash point, extra charges will apply at £20 per half hour or £20 for part of half an hour. The company also reserves the right to cancel the booking."
"Terms & Conditions - Hire in Didcot, Swindon, Wiltshire, Oxford, Three Counties …",Can the company refuse the hire if my property or the setup space is unsuitable?,"Yes. The company reserves the right to refuse hire if the hirer or the hirer's property is deemed unsuitable. You should check the equipment sizes and clearance requirements before delivery, because full payment is due if there is inadequate space."
"Terms & Conditions - Hire in Didcot, Swindon, Wiltshire, Oxford, Three Counties …",Is the company responsible if children or vulnerable adults get hurt while the equipment is being set up or packed away?,No. The company states that it cannot be held responsible for children or vulnerable adults getting hurt on the equipment during setting up and packing away.
"Terms & Conditions - Hire in Didcot, Swindon, Wiltshire, Oxford, Three Counties …","For an indoor hire, who is responsible for checking ceiling heights and dimensions before delivery, and what happens if the inflatable does not fit?","It is the hirer’s responsibility to check ceiling heights and dimensions before delivery. If the team arrives and the product does not fit because of insufficient space or height restrictions, full payment will be taken and no refund will be given."
"Terms & Conditions - Hire in Didcot, Swindon, Wiltshire, Oxford, Three Counties …","Can you charge a refundable deposit for an overnight hire, and how much is it?","Yes. For an overnight hire, a refundable £100 cash deposit may be requested if the castle is considered at risk of theft or damage by being left overnight at your premises."
"Terms & Conditions - Hire in Didcot, Swindon, Wiltshire, Oxford, Three Counties …",What are the security requirements for an overnight hire?,"Overnight hires require a secure garden that is fenced all around and gated with a lock or bolt. Any removable equipment such as mats, extension leads, motors, and blowers must be locked up in the house or a secure garage."
"Terms & Conditions - Hire in Didcot, Swindon, Wiltshire, Oxford, Three Counties …","What happens if the overnight hire terms are not followed, or if equipment is damaged or stolen overnight?","Your deposit may be held back in part or, in extreme cases, in full if the Overnight Hire Terms and Conditions are not adhered to. Stain damage caused by party poppers, streamers, silly string, food, drinks, etc. will be charged for. Also, the equipment is not covered by their insurance while in your possession, so if anything is damaged or stolen from your property you will be liable to pay the replacement costs in full."
"Terms & Conditions - Hire in Didcot, Swindon, Wiltshire, Oxford, Three Counties …",Can Nice Bounce refuse an overnight hire if they are not happy with my property security?,"Yes. They reserve the right to refuse overnight hires if they think the equipment is at risk and are not happy with the security of your premises. In such cases, the equipment will be picked up on the day of hire."
"Terms & Conditions - Hire in Didcot, Swindon, Wiltshire, Oxford, Three Counties …",How far in advance do I need to cancel because of bad weather forecast?,"If you would like to cancel due to a bad weather forecast, the decision must be made no later than 24 hours before the hire."
"Terms & Conditions - Hire in Didcot, Swindon, Wiltshire, Oxford, Three Counties …","How much will I be charged if I cancel after the required notice period, or if I cancel when you arrive?","If you cancel after the required notice period, there will be a standard charge of £30. If you do not cancel until the staff arrive, full payment will be due, or if you have already paid, no refund will be issued."
"Terms & Conditions - Hire in Didcot, Swindon, Wiltshire, Oxford, Three Counties …",What happens if I need to cancel because of COVID?,"If you cancel due to COVID because of a positive test result or isolation, there is no charge, but you must give at least 24 hours' notice. If you do not give 24 hours' notice, a full charge will be applied. They also ask if you would honour the booking on a different date, but this is not compulsory."
"Terms & Conditions - Hire in Didcot, Swindon, Wiltshire, Oxford, Three Counties …",When is a full hire charge due on arrival?,"A full hire charge will be due if the inflatable does not fit, the location is unsuitable, the power is unsuitable, the surface type is unsuitable (for example artificial grass), the access is unsuitable, there is animal mess such as dog poo, or you have double booked them and another company."
"Terms & Conditions - Hire in Didcot, Swindon, Wiltshire, Oxford, Three Counties …","When will you cancel outside hires due to weather, and do I get a refund?","We only cancel outside hires if the wind speed is forecasted over 24mph or there is heavy rain all day. If this happens, you will receive a full refund."
"Terms & Conditions - Hire in Didcot, Swindon, Wiltshire, Oxford, Three Counties …",Who should I contact if I am unsure about anything?,Please contact us on 07921124205.
"Terms and Conditions - Bouncy Castle Hire in Witney, Oxford, Carterton …",What happens if the castle cannot be set up or used safely because of rain or bad weather?,"The text provided does not include any weather, rain, or bad-weather cancellation rules."
"Terms and Conditions - Bouncy Castle Hire in Witney, Oxford, Carterton …","What deposit is required, and when is it paid?",The text provided does not include any deposit amount or payment timing.
"Terms and Conditions - Bouncy Castle Hire in Witney, Oxford, Carterton …",What happens if I need to cancel my booking?,"If you cancel for any reason, you will lose your deposit. Once a booking has been accepted, any cancellation means the deposit is forfeited."
"Terms and Conditions - Bouncy Castle Hire in Witney, Oxford, Carterton …",When will my booking be delivered and collected?,The terms shown here do not state exact delivery or collection times. They only say the hire is subject to the conditions in the agreement.
"Terms and Conditions - Bouncy Castle Hire in Witney, Oxford, Carterton …",What company do these terms and conditions apply to?,These terms and conditions apply to all bookings given to and accepted by 1-2-3 Bounce Ltd.
"Terms and Conditions - Bouncy Castle Hire in Witney, Oxford, Carterton …",When do I need to pay the full balance if I am paying by bank transfer?,"Your full balance for hire of the equipment must be paid no later than two days prior to your booking if you are paying via bank transfer. If payment has not been received, the company reserves the right to refuse delivery and set up of the equipment."
"Terms and Conditions - Bouncy Castle Hire in Witney, Oxford, Carterton …",Who will deliver the hired equipment and when?,Trained and uniformed members of staff will deliver the hired equipment on the date and to the address specified in your booking confirmation.
"Terms and Conditions - Bouncy Castle Hire in Witney, Oxford, Carterton …","Who must supervise the hired equipment, and what age limits apply?","A responsible person over 18 years of age, who is not under the influence of alcohol or drugs, must closely supervise the hired equipment at all times. No adults should use the hired equipment unless adult equipment suitable for adult users has been hired; otherwise, the maximum age limit is 14 years, excluding toddler equipment which is for 3 years."
"Terms and Conditions - Bouncy Castle Hire in Witney, Oxford, Carterton …",What must happen if the hired equipment is returned soiled or damaged?,"The hirer must pay any sums incurred to cover cleaning costs at £15, plus any costs of repair, replacement and/or loss of earnings caused by the equipment being unavailable to be rehired."
"Terms and Conditions - Bouncy Castle Hire in Witney, Oxford, Carterton …","Are food, drink, smoking, pets, or party items allowed on or near the inflatable equipment?","No. Food, drink and chewing gum must not be consumed on the hired equipment. Smoking, barbecues and pets are not allowed on or near the equipment. Party poppers, henna tattoos, coloured streamers and silly string must also not be used on or near the hired equipment."
"Terms and Conditions - Bouncy Castle Hire in Witney, Oxford, Carterton …",What safety actions are forbidden on the inflatable equipment?,"Climbing, hanging or sitting on the walls or beams of any inflatable equipment is dangerous and must not be allowed. Also, nobody should bounce on the step/front apron, because a person could bounce and fall off and injure themselves; the step is only there to help users get on and off the inflatable."
"Terms and Conditions - Bouncy Castle Hire in Witney, Oxford, Carterton …",What should we do if it starts raining while the inflatable is in use?,"Remove all children and adults from the inflatable equipment straight away. Do not switch the electrical equipment off. Once the rain has stopped, dry the entrance and exit with a towel before anyone goes back on, because they become slippery when wet."
"Terms and Conditions - Bouncy Castle Hire in Witney, Oxford, Carterton …","When can you cancel a booking because of the weather, and is there a charge?","The booking may be cancelled due to forecasted lightning, consistent rain of 40% or more, or wind speeds/gusts at 24mph or over. If the booking is cancelled for these reasons, there will be no charge to the customer."
"Terms and Conditions - Bouncy Castle Hire in Witney, Oxford, Carterton …",What happens if the inflatable deflates or if wind/rain makes it unsafe during hire?,"If the inflatable deflates, it is your responsibility to get everyone off the equipment as quickly and safely as possible. During hire, if there is rain or high wind speeds including gusts of 24mph or over, the company reserves the right to come and take down any inflatable during the party/event if it is believed to be unsafe."
Terms & Conditions,When is my booking confirmed?,"The hire agreement takes effect once it is signed, or once email correspondence has passed between B4 Bouncy Castles and the hiree confirming the booking."
Terms & Conditions,"Do I need to pay a deposit, and how much is it?","B4 may require a 50% deposit to be paid to secure the booking, or held as security against loss or damage of the equipment."
Terms & Conditions,What should I do when the equipment is delivered if there is a fault or damage?,You should check the condition of the equipment at the time of delivery and record any fault on the hire agreement.
Terms & Conditions,What is the late cancellation fee if I cancel less than three weeks but more than two weeks before the hire date?,B4 may charge a Late Cancellation Fee of 50% of the hire fee if less than three weeks but more than two weeks’ notice is given.
Terms & Conditions,"Can B4 cancel an outdoor hire because of bad weather, and what happens to the deposit?","Yes. B4 may cancel an outdoor hire on the Hire Date if, at the agreed delivery time, the weather is considered unfit for safe use of the equipment. In that case, B4 reserves the right to retain the Deposit."
Terms & Conditions,Is there an extra cleaning charge?,"Yes. B4 may charge an additional £25 if the equipment is found to be excessively dirty, marked with face paint, or where glitter or similar contamination is present."
Terms & Conditions,"Can B4 charge extra for bagging up the balls in the Toddler Playzone, and if so how much?","Yes. Where B4’s Toddler Playzone has been hired, the customer is responsible for bagging up the balls at the end of the hire period, and B4 reserves the right to charge an additional £10 where it is required to bag up the balls."
Terms & Conditions,Will B4 guarantee delivery and collection at the agreed times?,"B4 will endeavour to meet the agreed Delivery and Collection Times, but it cannot be held responsible for late arrival due to circumstances beyond its control."
Terms & Conditions,What must be available on the hire date for delivery to go ahead?,"On the hire date, access to the venue must be available at the Delivery and Collection Times, a safe electrical supply must be available within 30m of the operating location, and unless alternative arrangements have been made, the hiree must be present to take delivery and sign the Hire Agreement. For outside hire, the castle will only be inflated on a flat area of grass in a fenced garden or secure grounds that are not accessible to the public."
Terms & Conditions,What happens if access for delivery is not available within 15 minutes of the agreed delivery time?,"If access is not available within 15 minutes of the agreed Delivery Time, B4 reserve the right to cancel the booking and recover the full Hire Fee."
Terms & Conditions,Who is responsible for supervising people using the equipment?,"Unless B4 has agreed to supervise use of the Equipment, the Hiree is responsible for ensuring that users are supervised at all times by a responsible adult and that the Equipment is used in accordance with the Safety & Operating Instructions."
Terms & Conditions,"Can someone with a back, neck, or other medical condition use the equipment?","No. Under no circumstances should anyone be allowed to use the Equipment if they are suffering from a back, neck, or other medical condition that may put them or other users at risk of injury."
Terms & Conditions,Who is responsible for safety measures when the equipment is being used?,"Unless B4 has agreed to supervise the equipment, the Hiree is responsible for putting in place appropriate safety measures to ensure safe use."
Terms & Conditions,What should I do if the weather becomes bad during an outdoor hire?,"The Hiree must make sure the equipment is not used in adverse weather. If conditions worsen to the point where continued use may cause injury or damage, the inflatable equipment must be deflated immediately, and it must always be deflated when wind speeds exceed 38km/h (Force 5). It should only be re-inflated once the weather has improved and it is safe, after checking all anchorage points and removing any water."
Terms & Conditions,Do I need any licences or permissions for the venue?,"Yes. The Hiree is responsible for ensuring that any special licences or permissions required for use of the equipment at the venue have been obtained, and the equipment must be located within a private function room or garden."
Terms & Conditions,Who is responsible for the equipment after delivery and before collection?,"Unless B4 Bouncy Castles has agreed to supervise the equipment as part of the Hire Agreement, the Hiree is responsible for the safe keeping of the equipment from the point of delivery until collection and will be held liable for any damage caused."
Terms & Conditions,Can I hold B4 Bouncy Castles or Chris Mason liable for injury or damage arising from the hire?,"No. The Hiree agrees not to hold B4 Bouncy Castles and/or Chris Mason liable for death, injury, loss or damage, and agrees to indemnify them against any actions or claims arising from the use of the hired equipment."
Terms & Conditions,"If someone is injured, how quickly must they seek medical assistance?",Any injured party must seek professional medical assistance within 2 hours of the incident occurring.
View T&C's | Kings Bouncy Castle Hire Cheltenham,"How much deposit do I need to pay to secure a booking, and what happens if I cancel after paying it?",A deposit of 20% is required to secure your booking. The deposit is non-refundable if you cancel the booking.
View T&C's | Kings Bouncy Castle Hire Cheltenham,What happens if bad weather or rain is expected on the day of my hire?,"The company may cancel your booking in bad weather, high winds or rain for safety reasons. If you decide not to go ahead because of weather and you cancel on the morning of the hire, no charge will be made."
View T&C's | Kings Bouncy Castle Hire Cheltenham,"If I need to cancel my booking, how much notice do I need to give?","You must give at least 7 days' notice to cancel the booking. If you cancel with less than 7 days' notice, the full fee may still be payable."
View T&C's | Kings Bouncy Castle Hire Cheltenham,What items are not allowed on the bouncy castles and inflatables?,"Food, chewing gum, and other choking-risk items are not permitted on any inflatables. Silly string, mud, party poppers, face paints, coloured streamers, and other messy items are also not allowed on the bouncy castle or inflatable."
View T&C's | Kings Bouncy Castle Hire Cheltenham,What should be removed before entering the bouncy castle?,"Shoes, badges, jewellery, glasses, and sharp objects must be removed before entering the bouncy castle."
View T&C's | Kings Bouncy Castle Hire Cheltenham,Are there any charges for returning the equipment dirty or damaged?,"Yes. If a bouncy castle or inflatable is collected in a soiled or dirty condition that is considered excessive, a cleaning charge will be collected from the customer. Cleaning and repair charges will also apply if you glue, stick, attach, or hang bunting or signs to the equipment."
View T&C's | Kings Bouncy Castle Hire Cheltenham,"Can children use the bouncy castle without an adult present, and can pets or toys be on it?","No. Children must be supervised by a responsible adult at all times, and pets and toys are not permitted on the bouncy castle."
View T&C's | Kings Bouncy Castle Hire Cheltenham,What safety rules apply to the bouncy castle while it is in use?,"Children must not behave dangerously or in a way likely to cause injury or distress to other users, including pushing, fighting or bumping into each other. Older children and small children should not use it at the same time. The front safety step is only for getting on and off and must not be used for bouncing."
View T&C's | Kings Bouncy Castle Hire Cheltenham,"When should the bouncy castle not be used, and what space is needed around it?","Do not use the inflatable during inflation or deflation, if you feel nauseous or unwell, or if the jumping area becomes wet. Also, ensure there is at least 2ft on either side of the inflatable, plus 4ft of clearance behind it for the blower."
View T&C's | Kings Bouncy Castle Hire Cheltenham,"Can I use a bouncy castle in the rain, and what should I do if the blower stops or overheats?","Bouncy castles without rain covers should not be used in the event of rain. In heavy rain, the castle should be turned off, and any wetness or bubbling can be dried with a towel. If the blower stops working, clear all users from the bouncy castle or inflatable immediately. If the blower overheats, switch it off at the mains and then turn it on again one or two minutes later. If it still does not restart, inform Kings Bouncy Castle Hire Cheltenham immediately."
View T&C's | Kings Bouncy Castle Hire Cheltenham,What access and setup conditions are required for delivery?,"There must be at least 3ft width of access to the bouncy castle location, because delivery is made using sack trucks. The path to the intended location, and the location itself, must be free of debris, obstacles and animal waste. The equipment must also be placed on a flat surface. It is the customer's responsibility to make sure the hire equipment fits in the venue, garden or event space, and product dimensions are shown on each product listing."
View T&C's | Kings Bouncy Castle Hire Cheltenham,"When do I need to pay, and what is the cancellation refund policy?",Customers paying online must do so at least 2 days before the event. Customers paying cash on the day must pay the delivery team before the hire equipment is set up. Customer cancellations are fully refundable if the company is informed 7 days prior to the event date.
View T&C's | Kings Bouncy Castle Hire Cheltenham,Is the booking fee refundable if I cancel with 7 days' notice of the event date?,"No. With 7 days' notice of the event date, the booking fee is non-refundable."
View T&C's | Kings Bouncy Castle Hire Cheltenham,What happens if I cancel within 24 hours of my event?,"If you cancel within 24 hours of your event, you will incur a 50% charge of your total booking fee."
View T&C's | Kings Bouncy Castle Hire Cheltenham,What if the venue or my property is unsuitable for the equipment?,"We reserve the right to refuse hire if the venue or customer's property is deemed unsuitable. You should check the equipment sizes and required clearances before delivery, as full payment is due if there is inadequate space available."
View T&C's | Kings Bouncy Castle Hire Cheltenham,What happens if the inflatable is returned in a damaged or dirty condition?,"You will pay for any damages or losses, including a cleaning or repair charge."
View T&C's | Kings Bouncy Castle Hire Cheltenham,Who is responsible for the inflatable during the event?,You are responsible for the inflatable for the duration of your event.
View T&C's | Kings Bouncy Castle Hire Cheltenham,What should I do before booking the equipment?,You should read the agreement in full and understand the conditions of hire.
"A Bérlő köteles a hibát annak felfedezése után haladéktalanul, de nem később …",Against whom can I enforce my warranty claim?,The Lessee may enforce the warranty claim directly against the Lessor.
"A Bérlő köteles a hibát annak felfedezése után haladéktalanul, de nem később …",Kivel szemben érvényesíthetem a kellékszavatossági igényemet?,A Bérlő közvetlenül a Bérbeadóval szemben érvényesítheti a kellékszavatossági igényét.
"Fizetés készpénzben a helyszínen, a bérlés kezdetekor vagy telephelyünkön a 1181 …",Are the terms different for lessees in Hungary and those elsewhere within the EU?,"No, the Lessor does not differentiate in sales between lessees in Hungary and lessees within the European Union outside Hungary."
"Fizetés készpénzben a helyszínen, a bérlés kezdetekor vagy telephelyünkön a 1181 …","Különböznek-e a feltételek a Magyarországon és az EU-n belül, de külföldön lévő bérlők esetében?","Nem, a Bérbeadó nem különbözteti meg az értékesítés során a Magyarország területén és az azon kívül az Európai Unión belüli Bérlőket."
"A Bérlő köteles a hibát annak felfedezése után haladéktalanul, de nem később …",By when do I have to report a defect to the Lessor?,"The defect must be reported to the Lessor immediately after it is discovered, but no later than within two months from the discovery of the defect."
"A Bérlő köteles a hibát annak felfedezése után haladéktalanul, de nem később …",Meddig kell jeleznem a hibát a Bérbeadónak?,"A hibát annak felfedezése után haladéktalanul, de legkésőbb a felfedezéstől számított kettő hónapon belül kell közölni a Bérbeadóval."
"Garlando csocsó bérlés, XXL csocsó, óriás csocsó bérlés, Darts gép bérlés, Darts …",By when must cancellation be reported if the customer cannot take over the game or machine after all?,Cancellation must be reported at the latest 2 days before the previously agreed time; later cancellations cannot be accepted.
"Garlando csocsó bérlés, XXL csocsó, óriás csocsó bérlés, Darts gép bérlés, Darts …","Meddig kell bejelenteni a lemondást, ha a bérlő mégsem tudja átvenni a játékot vagy gépet?",A lemondást legkésőbb 2 nappal az előre egyeztetett időpont előtt kell jelezni; ennél későbbi lemondást nem tudnak elfogadni.
"Visszaszállítás, elszámolás",By when must the cancellation be reported to avoid paying a standby fee?,"If the customer no longer needs the bouncy castle, this must be reported no later than 12 hours before the planned rental time; then no standby fee has to be paid. If it is not reported in time, the lessor will charge the full rental fee, or part of it."
"Visszaszállítás, elszámolás","Milyen időpontig kell jelezni a lemondást, hogy ne kelljen készenléti díjat fizetni?","Ha a megrendelőnek nincs szüksége az ugrálóvárra, azt legkésőbb a tervezett bérlési időpontot megelőző 12 órával kell jeleznie; így nem kell készenléti díjat fizetnie. Ha ezt nem jelzi időben, a teljes bérleti díjat, vagy annak egy részét a bérbeadó felszámítja."
Esőnapot csak abban az esetben áll módunkban biztosítani amennyiben a bérlést …,Can a rental that has not yet started be canceled free of charge?,"Yes, you can cancel a rental that has not yet started free of charge."
Esőnapot csak abban az esetben áll módunkban biztosítani amennyiben a bérlést …,Díjmentesen le lehet mondani a még meg nem kezdett bérlést?,"Igen, a meg nem kezdett bérlés lemondását díjmentesen megteheti."
"Az internetböngészők lehetőséget adnak arra, hogy a felhasználók beállítsák …","Can certain cookies be blocked, and can cookies be deleted?",Yes. Internet browsers allow users to set the browser to reject certain types of cookies or even a specific chosen cookie. Users can delete cookies at any time.
"Az internetböngészők lehetőséget adnak arra, hogy a felhasználók beállítsák …","Le lehet tiltani bizonyos cookie-kat, és törölhetők-e a cookie-k?","Igen. Az internetböngészők lehetőséget adnak arra, hogy a felhasználók beállítsák, hogy a böngésző visszautasítson bizonyos típusú cookie-kat vagy akár egy konkrét választott cookie-t. A felhasználók bármikor törölhetik a cookie-kat."
"A Gowinday Kft. 2011 Budakalász, Csalogány utca 25., a továbbiakban …",Can Gowinday Kft. change this notice?,"Yes, Gowinday Kft. reserves the right to change this notice at any time, and it will inform its audience about any changes in due time."
"A Gowinday Kft. 2011 Budakalász, Csalogány utca 25., a továbbiakban …",Módosíthatja a Gowinday Kft. ezt a tájékoztatót?,"Igen, a Gowinday Kft. fenntartja magának a jogot jelen tájékoztató bármikori megváltoztatására, és az esetleges változásokról kellő időben értesíti közönségét."
"Az érintett jogosult arra, hogy a saját helyzetével kapcsolatos okokból bármikor …",Can I object to the processing of my personal data?,"Yes. The data subject has the right to object at any time, on grounds relating to their particular situation, to processing necessary for the performance of a task carried out in the public interest or in the exercise of official authority vested in the controller, or to processing necessary for the purposes of the legitimate interests pursued by the controller or a third party, including profiling based on those provisions."
"Az érintett jogosult arra, hogy a saját helyzetével kapcsolatos okokból bármikor …",Tiltakozhatok a személyes adataim kezelése ellen?,"Igen. Az érintett jogosult arra, hogy a saját helyzetével kapcsolatos okokból bármikor tiltakozzon a közérdekű vagy az adatkezelőre ruházott közhatalmi jogosítvány gyakorlásához szükséges adatkezelés, illetve az adatkezelő vagy egy harmadik fél jogos érdekének érvényesítéséhez szükséges kezelés ellen, ideértve az ezen alapuló profilalkotást is."
"Személyes adatai (vagyis azok az adatok, amelyek az Ön személyével kapcsolatba …",Can I provide personal data for direct contact while using the website?,"Yes. You may provide your name, contact details, or other data if you wish to get in personal contact with us while using the website."
"Személyes adatai (vagyis azok az adatok, amelyek az Ön személyével kapcsolatba …",Megadhatok-e személyes adatokat közvetlen kapcsolatfelvételhez a honlap használata során?,"Igen. Ön megadhatja nevét, elérhetőségét vagy más adatait, ha a honlap használata során személyes kapcsolatba kíván lépni velünk."
"Az érintett jogosult arra, hogy a rá vonatkozó, általa az adatkezelő …","Can I receive the personal data concerning me in a structured, commonly used, machine-readable format and transmit it to another controller?","Yes. The data subject has the right to receive the personal data concerning them, which they have provided to the controller, in a structured, commonly used, machine-readable format, and to transmit those data to another controller."
"Az érintett jogosult arra, hogy a rá vonatkozó, általa az adatkezelő …","Kérhetem, hogy a rólam kezelt személyes adatokat tagolt, széles körben használt, géppel olvasható formátumban megkapjam, és továbbíthassam egy másik adatkezelőnek?","Igen. Az érintett jogosult arra, hogy a rá vonatkozó, általa az adatkezelő rendelkezésére bocsátott személyes adatokat tagolt, széles körben használt, géppel olvasható formátumban megkapja, és ezeket az adatokat egy másik adatkezelőnek továbbítsa."
"Személyes adatai (vagyis azok az adatok, amelyek az Ön személyével kapcsolatba …",Can I request information or action regarding the handling of my personal data?,"Yes. Based on the provided text, the user may request information or action regarding the handling of their personal data, but no further details are included in this excerpt."
"Személyes adatai (vagyis azok az adatok, amelyek az Ön személyével kapcsolatba …",Kérhetem a személyes adataim kezelésével kapcsolatos tájékoztatást vagy intézkedést?,"Igen. A megadott szöveg alapján a felhasználó kérheti személyes adatainak kezelésével kapcsolatos tájékoztatást vagy intézkedést, de további részletek ebben a részletben nem szerepelnek."
"Az érintett kérheti a Gowinday Kft. által kezelt, rá vonatkozó pontatlan …",Can I request the correction of inaccurate personal data and the completion of incomplete data held about me?,Yes. The data subject may request the rectification of inaccurate personal data processed by Gowinday Kft. concerning them and the completion of incomplete data.
"Az érintett kérheti a Gowinday Kft. által kezelt, rá vonatkozó pontatlan …",Kérhetem a rólam kezelt pontatlan személyes adatok helyesbítését és a hiányos adatok kiegészítését?,"Igen. Az érintett kérheti a Gowinday Kft. által kezelt, rá vonatkozó pontatlan személyes adatok helyesbítését és a hiányos adatok kiegészítését."
"Bérbeadó továbbá fenntartja a jogot, hogy bármikor, bármilyen változtatást …",Can I save or print the website content?,"Saving or printing the website content, or any part of it, on a physical or other storage medium is permitted only with the Landlord’s prior written consent."
"Bérbeadó továbbá fenntartja a jogot, hogy bármikor, bármilyen változtatást …",Kinyomtathatom vagy elmenthetem a Honlap tartalmát?,"A Honlap tartalmának, valamint egyes részeinek fizikai vagy más adathordozóra mentése vagy kinyomtatása csak a Bérbeadó előzetes írásbeli hozzájárulása esetén engedélyezett."
"Bérbeadó továbbá fenntartja a jogot, hogy bármikor, bármilyen változtatást …",Can I use any trade names or trademarks shown on the website?,No. Use of the website and any provision of the Terms does not give the Tenant any right to use or exploit any trade name or trademark appearing on the website.
"Bérbeadó továbbá fenntartja a jogot, hogy bármikor, bármilyen változtatást …",Használhatom a Honlapon szereplő kereskedelmi neveket vagy védjegyeket?,"Nem. A Honlap használata, illetve az ÁSZF egyetlen rendelkezése sem biztosít jogot a Bérlőnek a Honlapon szereplő bármely kereskedelmi névnek vagy védjegynek bármely használatára, hasznosítására."
Az ugrálóvárat az alábbi szerződés kitöltésével tudod kibérelni. A szerződést …,Can I view the contract in advance?,"Yes, you can view the contract in PDF format."
Az ugrálóvárat az alábbi szerződés kitöltésével tudod kibérelni. A szerződést …,Megtekinthetem a szerződést előzetesen?,"Igen, a szerződést megtekintheted PDF formátumban."
A légvárak szállítására elegendő egy személyautó.,"Can the compressor be switched off during use, and do the securing stakes have to be used?","The compressor must not be switched off during use. The securing stakes must be used in every case: attach them to the loops on the side of the inflatable castle, then drive them into the ground."
A légvárak szállítására elegendő egy személyautó.,"Használat közben ki lehet kapcsolni a kompresszort, és kell-e rögzítő cölöpöket használni?","Használat közben a kompresszort nem szabad kikapcsolni. Minden esetben használni kell a rögzítő cölöpöket: a légvárak oldalán lévő fülekbe kell akasztani őket, majd a földbe kell szúrni."
A békéltető testület hatáskörébe tartozik a fogyasztói jogvita bírósági …,Can the conciliation board give advice about rights and obligations?,"Yes. At the request of the consumer or the business, the conciliation board gives advice regarding the rights of the consumer and the obligations borne by the consumer."
A békéltető testület hatáskörébe tartozik a fogyasztói jogvita bírósági …,A békéltető testület adhat tanácsot a jogokról és kötelezettségekről?,Igen. A békéltető testület a fogyasztó vagy a vállalkozás kérésére tanácsot ad a fogyasztót megillető jogokkal és a fogyasztót terhelő kötelezettségekkel kapcsolatban.
Panasztétel a fogyasztóvédelmi hatóságoknál. Amennyiben a fogyasztó fogyasztói …,Can the customer enforce a claim arising from a consumer dispute in court?,"Yes. The customer is entitled to enforce their claim arising from a consumer dispute in court in civil proceedings, in accordance with Act V of 2013 on the Civil Code and Act III of 1952 on Civil Procedure."
Panasztétel a fogyasztóvédelmi hatóságoknál. Amennyiben a fogyasztó fogyasztói …,Érvényesítheti-e az ügyfél a fogyasztói jogvitából származó követelését bíróság előtt?,"Igen, az ügyfél jogosult a fogyasztói jogvitából származó követelésének bíróság előtti érvényesítésére polgári eljárás keretében a Polgári Törvénykönyvről szóló 2013. évi V. törvény, valamint a Polgári Perrendtartásról szóló 1952. évi III. törvény rendelkezései szerint."
Jelentéktelen hiba miatt elállásnak nincs helye.,Can the Lessee switch to another warranty claim right?,"Yes, the Lessee may switch from the chosen warranty claim right to another one, but must bear the cost of the switch, unless it was justified or caused by the Lessor."
Jelentéktelen hiba miatt elállásnak nincs helye.,A Bérlő áttérhet egy másik kellékszavatossági jogra?,"Igen, a Bérlő a választott kellékszavatossági jogáról egy másikra is áttérhet, de az áttérés költségét viselnie kell, kivéve, ha az indokolt volt, vagy arra a Bérbeadó adott okot."
Jelentéktelen hiba miatt elállásnak nincs helye.,Can the Lessee withdraw because of a minor defect?,"No, withdrawal is not available due to a minor defect."
Jelentéktelen hiba miatt elállásnak nincs helye.,Elállhat a Bérlő jelentéktelen hiba miatt?,"Nem, jelentéktelen hiba miatt elállásnak nincs helye."
"Bérbeadó továbbá fenntartja a jogot, hogy bármikor, bármilyen változtatást …",Can the material be used or exploited in any other form?,"No, it cannot be used or exploited in any other form."
"Bérbeadó továbbá fenntartja a jogot, hogy bármikor, bármilyen változtatást …",Fel lehet-e használni vagy hasznosítani az anyagot más formában?,"Nem, egyéb formában nem használhatók fel vagy hasznosíthatók."
A bérlés kifizetésére az eszköz átvétele előtt kerül sor.,Can the Renter sell or transfer the rented equipment to someone else?,"No. The Renter may not resell the rented equipment in any way, may not hand it over to another person, it cannot be assigned to anyone, and it cannot be alienated."
A bérlés kifizetésére az eszköz átvétele előtt kerül sor.,Eladhatja vagy átadhatja a Bérlő a bérelt eszközt másnak?,"Nem. A Bérlő a bérelt eszközöket semmilyen módon nem értékesítheti tovább, nem adhatja át más személynek, nem ruházható át senkire, nem idegeníthető el."
A közöttünk létrejövő szerződés tartalmát – a vonatkozó kötelező érvényű …,Can the Seller modify the provisions of the GTC?,Yes. The Seller is entitled to change the provisions of these GTC within the framework of the applicable laws.
A közöttünk létrejövő szerződés tartalmát – a vonatkozó kötelező érvényű …,Módosíthatja-e az Eladó az ÁSZF rendelkezéseit?,Igen. A jelen ÁSZF rendelkezéseit az Eladó a vonatkozó jogszabályok keretei között jogosult megváltoztatni.
Szolgáltató jogosult jelen Általános Szerződési Feltételeket a Bérlők Honlapon …,Can the Service Provider unilaterally modify the General Terms and Conditions?,"Yes. The Service Provider is entitled to modify these General Terms and Conditions unilaterally, with prior notice to the Renter on the website."
Szolgáltató jogosult jelen Általános Szerződési Feltételeket a Bérlők Honlapon …,Módosíthatja-e a Szolgáltató egyoldalúan az Általános Szerződési Feltételeket?,"Igen. A Szolgáltató jogosult jelen Általános Szerződési Feltételeket a Bérlők Honlapon történő előzetes tájékoztatása mellett, egyoldalúan is módosítani."
"Ha Ön panaszt kíván tenni egy, az interneten vásárolt termékkel vagy …",Can the website’s graphical or software solutions be used without permission?,"No. Under Section 16(1) of the Copyright Act, unauthorized use of the website’s graphical and software solutions and computer program creations is prohibited, as is using any application that can modify the website or any part of it. Even if the rights holder gives written consent, any material taken from the website or its database may only be used with a reference to the website and by indicating the source."
"Ha Ön panaszt kíván tenni egy, az interneten vásárolt termékkel vagy …",Használhatók-e a weboldal grafikai vagy szoftveres megoldásai engedély nélkül?,"Nem. Az Szjt. 16. § (1) bekezdése alapján tilos a weboldalon található grafikai és szoftveres megoldások, számítógépi programalkotások engedély nélküli felhasználása, illetve bármely olyan alkalmazás használata, amellyel a weboldal, vagy annak bármely része módosítható. A weboldalról és annak adatbázisából bármilyen anyagot átvenni a jogtulajdonos írásos hozzájárulása esetén is csak a weboldalra való hivatkozással, forrás feltüntetésével lehet."
"Bérlő a Bérbeadó hibás teljesítése esetén (hibás a teljesítés különösen, ha a …",Can warranty rights still be enforced after the two-year limitation period?,"No. After the two-year limitation period, the Renter can no longer enforce warranty rights."
"Bérlő a Bérbeadó hibás teljesítése esetén (hibás a teljesítés különösen, ha a …",A két éves elévülési határidő után érvényesíthetők még a kellékszavatossági jogok?,Nem. Két éves elévülési határidőn túl a Bérlő a kellékszavatossági jogait már nem tudja érvényesíteni.
A KARAMBOL BILIÁRD JÁTÉKSZABÁLYAI,Do all machines have to be reported to the Hungarian tax authority (NAV)?,According to the text: “MINDEN AUTOMATÁT BE KELL JELENTENI A NAV-HOZ? A ZSETONOS AUTOMATÁKAT NEM” (“Do all machines have to be reported to NAV? Coin-operated machines do not”).
A KARAMBOL BILIÁRD JÁTÉKSZABÁLYAI,Kell-e minden automatát bejelenteni a NAV-hoz?,A szöveg szerint: „MINDEN AUTOMATÁT BE KELL JELENTENI A NAV-HOZ? A ZSETONOS AUTOMATÁKAT NEM”.
"Az érintett jogosult arra, hogy a saját helyzetével kapcsolatos okokból bármikor …",Do I have the right to avoid automated decision-making or withdraw consent?,"Yes. The data subject has the right not to be subject to a decision based solely on automated processing, including profiling, if it would have legal effects concerning them or similarly significantly affect them. In addition, they have the right to withdraw their consent at any time."
"Az érintett jogosult arra, hogy a saját helyzetével kapcsolatos okokból bármikor …",Jogom van az automatizált döntéshozatal vagy a hozzájárulás visszavonása ellen?,"Igen. Az érintett jogosult arra, hogy ne terjedjen ki rá az olyan, kizárólag automatizált adatkezelésen – ideértve a profilalkotást is – alapuló döntés hatálya, amely rá nézve joghatással járna vagy őt hasonlóképpen jelentős mértékben érintené. Emellett jogosult arra is, hogy hozzájárulását bármikor visszavonja."
Amennyiben az eszközök extrém szennyeződés miatt tisztításra szorulnak (extra …,Do I need to clean the rented equipment before returning it?,No. The renter does not need to clean the rented equipment; the lessor always does the cleaning.
Amennyiben az eszközök extrém szennyeződés miatt tisztításra szorulnak (extra …,Kell-e a bérelt eszközöket nekem megtisztítanom a visszaadás előtt?,"Nem. A bérelt eszközöket a Bérbevevőnek nem kell megtisztítania, ezt minden esetben a Bérbeadó végzi el."
használati útmutató átvétele,Do I need to receive the user manual for the rental?,"Yes. Receipt must be confirmed: the customer is obliged to receive and read the user manual for the rented equipment, and confirms this with their signature."
használati útmutató átvétele,Kell-e átvennem a használati útmutatót a bérléshez?,"Igen. Az átvételt igazolni kell: a megrendelő köteles átvenni és elolvasni a bérelt eszköz használati útmutatóját, és ezt aláírásával is megerősíti."
A helyeket nem tudjuk ellenőrizni és nem vállalunk felelősséget a valótlan vagy …,Do the Imprint and the privacy notice also apply to the map?,"Yes, the Imprint and the privacy notice also apply to the map."
A helyeket nem tudjuk ellenőrizni és nem vállalunk felelősséget a valótlan vagy …,Vonatkozik az Impresszum és az adatvédelmi tájékoztató a térképre is?,"Igen, az Impresszum és az adatvédelmi tájékoztató a térképre is vonatkozik."
"Telepítéssel, felügyelet nélkül 2 nap: bruttó 83.000 Ft + kiszállítási díj …",Do the prices include VAT?,"No. The prices are in forints and do not include 27% VAT. The prices are for information only, and the right to change prices is reserved."
"Telepítéssel, felügyelet nélkül 2 nap: bruttó 83.000 Ft + kiszállítási díj …",Az árak tartalmazzák az ÁFÁ-t?,"Nem. Az árak forintban értendők, nem tartalmazzák a 27%-os ÁFÁ-t. Az árak tájékoztató jellegűek, az árváltozás jogát fenntartják. Igen. A feltüntetett árak bruttó árak, amelyek tartalmazzák az Áfa összegét."
"JAVÍTÁS, SZERVIZ",Do token-operated machines have to be reported to the NAV?,"No. According to the text, token-operated machines do not have to be reported to the NAV."
"JAVÍTÁS, SZERVIZ",Be kell jelenteni a zsetonos automatákat a NAV-hoz?,Nem. A szöveg szerint a zsetonos automatákat nem kell bejelenteni a NAV-hoz.
Házhozszállítást jelenleg nem tudunk vállalni!,Do you currently offer home delivery for the bouncy castles?,"No, we currently cannot provide home delivery."
Házhozszállítást jelenleg nem tudunk vállalni!,Vállaltok házhozszállítást az ugrálóvárakhoz?,"Nem, jelenleg házhozszállítást nem tudunk vállalni."
"A légvárak súlya kb. 80-100 kg, ezért a szállításukhoz minimum egy üres kombi …","Do you offer delivery, and where can I find its cost?","Yes, we also offer delivery, and its cost can be found in the descriptions of the games."
"A légvárak súlya kb. 80-100 kg, ezért a szállításukhoz minimum egy üres kombi …","Vállaltok kiszállítást, és hol található ennek a költsége?","Igen, vállalunk kiszállítást is, melynek költségét a játékok leírásaiban találjátok."
A helyeket nem tudjuk ellenőrizni és nem vállalunk felelősséget a valótlan vagy …,Do you verify the locations or take responsibility for false or outdated content?,No. They cannot verify the locations and do not take responsibility for false or outdated content.
A helyeket nem tudjuk ellenőrizni és nem vállalunk felelősséget a valótlan vagy …,"Vállalnak felelősséget a helyek ellenőrzéséért vagy a valótlan, elavult tartalmakért?","Nem. A helyeket nem tudják ellenőrizni, és nem vállalnak felelősséget a valótlan vagy elavult tartalmakért."
A jelen ÁSZF hatálya alá tartozó szerződések nem minősülnek írásba foglalt …,Does an oral complaint made by phone or through an electronic communications service need a unique identification number?,Yes. The company is obliged to assign a unique identification number to an oral complaint made by phone or using an electronic communications service.
A jelen ÁSZF hatálya alá tartozó szerződések nem minősülnek írásba foglalt …,Kell-e egyedi azonosítószámot adni a telefonon vagy elektronikus hírközlési szolgáltatáson keresztül közölt szóbeli panasznak?,Igen. A telefonon vagy elektronikus hírközlési szolgáltatás felhasználásával közölt szóbeli panaszt a vállalkozás köteles egyedi azonosítószámmal ellátni.
Egy adott időpont foglalás semmilyen anyagi kötelezettséggel nem jár.,Does booking a specific time slot create any financial obligation?,No. Booking a specific time slot does not create any financial obligation.
Egy adott időpont foglalás semmilyen anyagi kötelezettséggel nem jár.,Jár-e bármilyen anyagi kötelezettséggel egy adott időpont foglalása?,Nem. Egy adott időpont foglalás semmilyen anyagi kötelezettséggel nem jár.
A „Foglalási igény elküldése” gombra kattintás nem minősül végleges …,Does clicking the “Submit booking request” button count as a final order?,No. Clicking the “Submit booking request” button does not count as a final order. The Lessor informs the Lessee by email whether the requested bouncy castle is available at the requested time.
A „Foglalási igény elküldése” gombra kattintás nem minősül végleges …,A „Foglalási igény elküldése” gombra kattintás végleges megrendelésnek minősül?,"Nem. A „Foglalási igény elküldése” gombra kattintás nem minősül végleges megrendelésnek. A Bérbeadó e-mailben tájékoztatja a Bérlőt arról, hogy az igényelt légvár elérhető-e a kért időpontban."
Az eszközöket tartalmazó tételes szállítólevél aláírásával Bérlő elismeri a …,Does the Lessor have the right to inspect the equipment during the rental period?,"Yes. During the rental period, the Lessor is entitled to inspect the equipment and its use, either personally or through an agent."
Az eszközöket tartalmazó tételes szállítólevél aláírásával Bérlő elismeri a …,Van-e joga a Bérbeadónak ellenőrizni az eszközöket a bérlet alatt?,Igen. A Bérbeadó a bérlet során saját maga vagy megbízottja útján jogosult az eszközöket és azok használatát ellenőrizni.
"A bérelt eszközök minden esetben a Bérbeadó tulajdonát képezik, függetlenül a …",Does the Lessor take responsibility for damage caused by use other than the intended purpose?,No. The Lessor accepts no legal or financial responsibility for any damage resulting from use other than the intended purpose.
"A bérelt eszközök minden esetben a Bérbeadó tulajdonát képezik, függetlenül a …",Vállal-e a Bérbeadó felelősséget a rendeltetéstől eltérő használatból eredő sérülésekért?,"Nem. Az esetleges, a rendeltetéstől eltérő használatból adódó sérülésekért a Bérbeadó semmilyen jellegű jogi és anyagi felelősséget nem vállal."
ÁSZF - 2026 - csocsokiraly.hu,"Does the provided text contain concrete terms and conditions, such as fees, times, or rain-related rules?","No. The provided excerpt only contains the website header and menu items (for example contact details, BLOG, FAQ, ABOUT US), but no concrete terms, fees, times, or rain-related conditions are included."
ÁSZF - 2026 - csocsokiraly.hu,"Ez a megadott szöveg tartalmazza az ÁSZF konkrét feltételeit, például díjakat, időpontokat vagy esőre vonatkozó szabályokat?","Nem. A megadott rész csak a weboldal fejlécét és menüpontjait tartalmazza (például elérhetőséget, BLOG, GYIK, RÓLUNK), de nem szerepel benne konkrét ÁSZF-szabály, díj, időpont vagy esőre vonatkozó feltétel."
"Ha az ÁSZF valamely pontja jogilag hiányos vagy hatálytalan, attól még a …",Does the Seller have a code of conduct under the law on the prohibition of unfair commercial practices against consumers?,"No, the Seller does not have such a code of conduct."
"Ha az ÁSZF valamely pontja jogilag hiányos vagy hatálytalan, attól még a …",Van az Eladónak a fogyasztókkal szembeni tisztességtelen kereskedelmi gyakorlat tilalmáról szóló törvény szerinti magatartási kódexe?,"Nem, az Eladónak nincs ilyen magatartási kódexe."
A gyermekek felügyelete kizárólag a Bérlő felelőssége. A nem rendeltetésszerű …,Does the service count as a childcare service?,No. The Renter acknowledges that the service is not a childcare service and must appoint a responsible person to supervise the proper use of the equipment.
A gyermekek felügyelete kizárólag a Bérlő felelőssége. A nem rendeltetésszerű …,A szolgáltatás gyermekfelügyeleti szolgáltatásnak minősül?,"Nem. A Bérlő tudomásul veszi, hogy a szolgáltatás nem gyermekfelügyeleti szolgáltatás, és köteles kijelölni egy felelős személyt az eszköz rendeltetésszerű használatának felügyeletére."
A Honlapon értékesített termékek esetén a fogyasztó és a vállalkozás közötti …,Does the service ordered on the Website come with a 14-day right of withdrawal without justification?,"No. Under Section 29(1)(l) of Government Decree 45/2014 (II.26.), the 14-day right of withdrawal is excluded because the service contract sets a specific performance date. Since the Lessee requests the service for a specified day, there is no possibility to withdraw without justification within 14 days after the contract is concluded."
A Honlapon értékesített termékek esetén a fogyasztó és a vállalkozás közötti …,Jár-e 14 napos indoklás nélküli felmondási jog a Honlapon rendelt szolgáltatásra?,"Nem. A 45/2014 (II.26.) Korm. rendelet 29. § (1) bekezdés l) pontja alapján a 14 napos felmondási jog kizárt, mert a szolgáltatás teljesítésére határnapot kötnek ki. Mivel a Bérlő meghatározott napra kéri a szolgáltatást, a szerződés létrejöttét követően 14 napon belüli, indoklás nélküli felmondásra nincs lehetőség."
A Szolgáltató a Felhasználó által megadott személyes adatokat harmadik …,Does the Service Provider share the user's personal data with third parties?,"The Service Provider does not transfer or make available the personal data provided by the User to third parties, except if required by applicable law or an authority, or if this notice provides otherwise."
A Szolgáltató a Felhasználó által megadott személyes adatokat harmadik …,Átadja-e a Szolgáltató a felhasználó személyes adatait harmadik személynek?,"A Szolgáltató a Felhasználó által megadott személyes adatokat harmadik személynek nem adja át és nem teszi hozzáférhetővé, kivéve, ha erre hatályos jogszabály vagy hatóság kötelezi, vagy amennyiben a jelen tájékoztatás erről máshogy nem rendelkezik."
Foglalás kérése,Does the website use cookies?,"Yes, the website uses cookies to improve the user experience."
Foglalás kérése,Használ-e a weboldal sütiket?,"Igen, a weboldal sütiket (cookie-kat) használ a jobb felhasználói élmény érdekében."
"A Szolgáltató megfelelő biztonsági intézkedésekkel gondoskodik arról, hogy a …","Does the Website use Google Analytics, and what is it used for?","Yes, the Website uses Google Analytics (GA). On behalf of the Service Provider, Google uses this information to analyze Website usage, prepare reports, and provide additional services to the Service Provider based on Website usage."
"A Szolgáltató megfelelő biztonsági intézkedésekkel gondoskodik arról, hogy a …","Használ a Weboldal Google Analytics-et, és mire szolgál ez?","Igen, a Weboldal Google Analytics-et (GA) használ. A Google a Szolgáltató nevében ezeket az információkat a Weboldal használatának elemzésére használja fel, jelentéseket készít, valamint további szolgáltatásokat nyújt a Szolgáltató részére a Weboldal használatának függvényében."
"Garlando csocsó bérlés, XXL csocsó, óriás csocsó bérlés, Darts gép bérlés, Darts …","For what occasions can the equipment be rented, and is long-term rental available?","The equipment can be rented for one-off occasions, for example for weddings, festivals, or as set dressing for film shoots. They can also be rented on a long-term basis for companies, such as playrooms, hotels, hospitality venues, or playhouses."
"Garlando csocsó bérlés, XXL csocsó, óriás csocsó bérlés, Darts gép bérlés, Darts …","Milyen alkalmakra bérelhetők az eszközök, és lehet-e tartós bérletként is kérni őket?","Az eszközök bérelhetők alkalmanként rendezvényekre, például esküvőre, fesztiválra vagy filmforgatásra díszletnek. Emellett cégeknek is bérelhetők tartós bérletbe játszószobába, szállodának, vendéglátó egységnek vagy játszóházba."
Az adatkezelés időtartamaA Szolgáltató az online foglaláshoz kapcsolódó …,For what purpose are the online booking data processed?,"The personal data related to online booking are processed for preparing the contract, or, if the conclusion of the contract fails, until that becomes certain."
Az adatkezelés időtartamaA Szolgáltató az online foglaláshoz kapcsolódó …,Milyen célból kezelik az online foglalás adatait?,"Az online foglaláshoz kapcsolódó személyes adatokat a szerződés előkészítéséhez kezelik, illetve ha a szerződéskötés meghiúsul, addig, amíg ennek ténye bizonyossá nem válik."
Általános Szerződési Feltételek (ÁSZF),From when is the Terms and Conditions effective?,The Terms and Conditions are effective from 1 January 2026.
Általános Szerződési Feltételek (ÁSZF),Mettől hatályos az ÁSZF?,Az ÁSZF 2026. január 1-től hatályos.
Foglalás,How and by when do I need to reserve the bouncy castle for my event date?,"To finalize the order, the customer must send back the completed order form by e-mail, no later than 5 days before the event. The date cannot be considered final until confirmation. To arrange the date, they will reply by e-mail or phone within 24 hours after the order is placed."
Foglalás,Hogyan és meddig kell lefoglalnom a légvárat a rendezvény időpontjára?,"A megrendelés véglegesítéséhez a megrendelő által kitöltött megrendelőlapot e-mailen vissza kell küldeni, legkésőbb a rendezvény előtt 5 nappal. Az időpontot a visszaigazolásig nem lehet véglegesnek tekinteni. Az időpont egyeztetéséhez a megrendelést követően 24 órán belül visszajeleznek e-mailben vagy telefonon."
Jelen dokumentumban nem szabályozott kérdésekben a Ptk. rendelkezései az …,"How are disputes arising from the rental agreements resolved, and which court has exclusive jurisdiction in case of a lawsuit?","Disputes arising from individual rental agreements are to be resolved amicably by the parties, and in case of a lawsuit, the exclusive jurisdiction of the Pest Central District Court is stipulated."
Jelen dokumentumban nem szabályozott kérdésekben a Ptk. rendelkezései az …,"Hogyan rendezik a bérleti szerződésekből fakadó vitás kérdéseket, és mely bíróság illetékes per esetén?","Az egyes Bérleti szerződésekből fakadó vitás kérdéseket a felek békés úton rendezik, per esetén pedig a Pesti Központi Kerületi Bíróság kizárólagos illetékességét kötik ki."
A gyermekek felügyelete kizárólag a Bérlő felelőssége. A nem rendeltetésszerű …,How can a complaint be submitted?,The Renter may submit a complaint in writing to hello@jumpkidsugralovar.hu.
A gyermekek felügyelete kizárólag a Bérlő felelőssége. A nem rendeltetésszerű …,Hogyan lehet panaszt benyújtani?,A Bérlő a panaszát írásban a hello@jumpkidsugralovar.hu e-mail címen nyújthatja be.
"A rendelet hatálya közvetlenül kiterjed az Unióban letelepedett, Magyarországon …",How can I access the online dispute resolution platform?,"You can access the online dispute resolution platform after registering in the European Commission’s system, using this link: http://ec.europa.eu/odr"
"A rendelet hatálya közvetlenül kiterjed az Unióban letelepedett, Magyarországon …",Hogyan lehet elérni az online vitarendezési platformot?,Az online vitarendezési platformot az Európai Bizottság rendszerében való regisztrációt követően az alábbi linken érheti el: http://ec.europa.eu/odr
Bérlés menete - Csoda Ugrálóvár,How can I book a rental at Csoda Ugrálóvár?,"Orders can be placed on the website through the online ordering interface after adding the item to the cart, or by phone through customer service at the provided phone number."
Bérlés menete - Csoda Ugrálóvár,Hogyan tudok bérlést foglalni a Csoda Ugrálóvárnál?,"A rendelést a weboldalon, az online rendelési felületen lehet leadni a kosárba helyezés után, vagy telefonon, ügyfélszolgálaton keresztül a megadott telefonszámon."
Online foglalás,"How can I book online, and what happens after I place the booking?","Online booking is made through the website. After you submit the booking, the time slot is confirmed within 1 hour, and then the bouncy castle is delivered to the location."
Online foglalás,"Hogyan lehet online foglalni, és mi történik a foglalás után?","Az online foglalás a weboldalon keresztül történik. A foglalás leadása után az időpontot 1 órán belül visszaigazolják, majd a helyszínre kiszállítják az ugrálóvárat."
Kattints a LEFOGLALOM gombra.,How can I book the bouncy castle?,"Click the LEFOGLALOM button, then fill out the online form by answering all questions accurately."
Kattints a LEFOGLALOM gombra.,Hogyan lehet lefoglalni a légvárat?,"A LEFOGLALOM gombra kell kattintani, سپس ki kell tölteni az online űrlapot az összes kérdés pontos megválaszolásával."
"Amennyiben jelen szerződésről kiderülne, hogy érvénytelen vagy hibás, Felek …",How can I contact you if I have a request or question?,"For any request or question, you can contact us with confidence and we will help if possible. Phone: 0670/160-1346. E-mail: ugralovar.galgamacsa@gmail.com"
"Amennyiben jelen szerződésről kiderülne, hogy érvénytelen vagy hibás, Felek …",Hogyan lehet kapcsolatba lépni veletek kérdés esetén?,"Bármilyen kérés vagy kérdés esetén bizalommal lehet keresni bennünket, és lehetőség szerint segítünk. Telefon: 0670/160-1346. E-mail: ugralovar.galgamacsa@gmail.com"
Szerződés letöltése (PDF),How can I download the contract as a PDF?,"The provided section only says “Contract download (PDF)”, so no further download method or condition is specified in this excerpt."
Szerződés letöltése (PDF),Hogyan lehet letölteni a szerződést PDF formátumban?,"A megadott szakasz csak annyit tartalmaz, hogy „Szerződés letöltése (PDF)”, ezért ebből a részletből nem derül ki további letöltési mód vagy feltétel."
Bérlő a megrendelését a „Foglalási igény elküldése” gombra kattintva tudja …,How can I finalize my order?,The renter can finalize the order by clicking the „Send booking request” button.
Bérlő a megrendelését a „Foglalási igény elküldése” gombra kattintva tudja …,Hogyan tudom véglegesíteni a megrendelésemet?,A bérlő a megrendelését a „Foglalási igény elküldése” gombra kattintva tudja véglegesíteni.
Kattints az űrlap alján a KÜLDÉS gombra a foglalás véglegesítéséhez.,How can I finalize the booking?,"To finalize the booking, click the SEND button at the bottom of the form."
Kattints az űrlap alján a KÜLDÉS gombra a foglalás véglegesítéséhez.,Hogyan tudom véglegesíteni a foglalást?,A foglalás véglegesítéséhez az űrlap alján a KÜLDÉS gombra kell kattintani.
A Honlapon a kiválasztott légvárra kattintva ki kell választani a bérlet napját …,How can I get to the „Légvár rendelés” (Checkout) page on the website?,"On the website, click the selected bouncy castle, choose the rental day or days, then click the „Foglalás” button; this takes you to the „Légvár rendelés” page (named „Pénztár” in the URL)."
A Honlapon a kiválasztott légvárra kattintva ki kell választani a bérlet napját …,Hogyan lehet eljutni a „Légvár rendelés” (Pénztár) lapra a Honlapon?,"A Honlapon a kiválasztott légvárra kattintva ki kell választani a bérlet napját vagy napjait, majd a „Foglalás” gombra kell kattintani; így lehet eljutni a „Légvár rendelés” (url-ben rögzített nevén „Pénztár”) lapra."
A jelen ÁSZF hatálya alá tartozó szerződések nem minősülnek írásba foglalt …,"How can I make a complaint, and what happens with a verbal complaint?","A consumer may submit a complaint verbally or in writing. A verbal complaint must be examined immediately and remedied if necessary. If the consumer does not agree with how the complaint is handled, or immediate investigation is not possible, the company must take a record of the complaint and its position."
A jelen ÁSZF hatálya alá tartozó szerződések nem minősülnek írásba foglalt …,"Hogyan lehet panaszt tenni, és mi történik a szóbeli panasszal?","A fogyasztó szóban vagy írásban közölheti a panaszát. A szóbeli panaszt a vállalkozás köteles azonnal megvizsgálni és szükség szerint orvosolni. Ha a fogyasztó nem ért egyet a panasz kezelésével, vagy azonnali kivizsgálás nem lehetséges, a vállalkozás jegyzőkönyvet vesz fel a panaszról és az álláspontjáról."
Érdeklődés és foglalás,How can I make an inquiry or a booking for the bouncy castle?,"In the provided text, this section contains only the heading “Inquiry and booking,” without any specific inquiry or booking conditions."
Érdeklődés és foglalás,Hogyan tudok érdeklődni vagy foglalni az ugrálóvárra?,"A megadott szövegben ez a szakasz csak a címet tartalmazza: „Érdeklődés és foglalás”, konkrét foglalási vagy érdeklődési feltételek nélkül."
Amennyiben a Bérlő véglegesítette rendelését és a megadott adatokban hibát fedez …,How can I notify the Lessor about cancelling an incorrect order?,"You can notify the Lessor by sending an email from the address provided at ordering/registration, or by making a phone call."
Amennyiben a Bérlő véglegesítette rendelését és a megadott adatokban hibát fedez …,Hogyan jelezhetem a hibás rendelés törlését a Bérbeadó felé?,A megrendeléskor/regisztrációkor megadott email címről küldött levéllel vagy telefonhívással jelezheti a Bérbeadó felé.
Fizetés közvetlen banki átutalással:,"How can I pay by direct bank transfer, and when is the full fee due?","You can pay by direct bank transfer based on the pro forma invoice issued for the order. If you pay by bank transfer, the full rental fee must be paid no later than the day of delivery."
Fizetés közvetlen banki átutalással:,"Hogyan lehet fizetni közvetlen banki átutalással, és mikor kell megfizetni a teljes díjat?","Közvetlen banki átutalással a megrendelésről kapott díjbekérő alapján lehet fizetni. Ha banki átutalással fizet, a bérleti díj teljes összegét legkésőbb a szállítás napján kell megfizetni."
bérleti díj kifizetése (csak készpénzt tudunk elfogadni),How can I pay the rental fee?,The rental fee can only be paid in cash.
bérleti díj kifizetése (csak készpénzt tudunk elfogadni),Hogyan lehet kifizetni a bérleti díjat?,A bérleti díj kifizetése csak készpénzben lehetséges.
"a weboldalon az online foglalás elküldésével, illetve telefonon a 06-30-326-0880 …",How can I place a booking?,"You can place a booking by submitting the online booking form on the website, or by phone at 06-30-326-0880 or 06-70-389-9943."
"a weboldalon az online foglalás elküldésével, illetve telefonon a 06-30-326-0880 …",Hogyan lehet leadni a foglalást?,"A weboldalon az online foglalás elküldésével, illetve telefonon a 06-30-326-0880 vagy a 06-70-389-9943 számokon lehet foglalni."
Böngésző beállítása: Lásd a böngésző feltételeit.,How can I prevent Google Analytics cookies from collecting information about me?,"To prevent this, you need to install a Google Analytics plugin in your browser."
Böngésző beállítása: Lásd a böngésző feltételeit.,"Hogyan tudom megakadályozni, hogy a Google Analytics sütik információkat gyűjtsenek rólam?",Ehhez egy Google Analytics plug-in kiegészítőt kell telepítenie a böngészőjébe.
Az ugrálóvárat az alábbi szerződés kitöltésével tudod kibérelni. A szerződést …,How can I rent the bouncy castle?,You can rent the bouncy castle by filling out the contract below.
Az ugrálóvárat az alábbi szerződés kitöltésével tudod kibérelni. A szerződést …,Hogyan tudom kibérelni az ugrálóvárat?,Az ugrálóvárat az alábbi szerződés kitöltésével tudod kibérelni.
A Bérlő a Szolgáltatás igénybevétele során esetlegesen felmerülő panasz …,"How can I report a complaint or issue, and is there any fee for it?","The Renter may contact the Lessor through one of the specified contact details if there is a complaint, claim, or data entry error. Complaint handling is always free of charge."
A Bérlő a Szolgáltatás igénybevétele során esetlegesen felmerülő panasz …,"Hogyan lehet panaszt vagy reklamációt jelezni, és van-e ennek díja?","A Bérlő a megjelölt elérhetőségek valamelyikén veheti fel a kapcsolatot a Bérbeadóval, ha panasz, reklamáció vagy adatbeviteli hiba merül fel. A panaszkezelés minden esetben térítésmentes."
Foglalás kérése,How can I request a booking?,"According to the text, a booking request can be made via the ""Foglalás kérése"" option, and the page also includes a ""Hívj most!"" call to action."
Foglalás kérése,Hogyan tudok foglalást kérni?,"A szöveg alapján a foglalás kérése a ""Foglalás kérése"" opcióval történik, illetve az oldalon a ""Hívj most!"" felhívás is szerepel."
Az adatok helyesbítéséhez való jogA Felhasználó a Szolgáltató fent megadott …,How can I request correction of my personal data?,"The User may request in writing through the Service Provider’s contact details provided above that the Service Provider modify any of the User’s personal data, for example if the User’s email address changes."
Az adatok helyesbítéséhez való jogA Felhasználó a Szolgáltató fent megadott …,Hogyan kérhetem a személyes adataim helyesbítését?,"A Felhasználó a Szolgáltató fent megadott elérhetőségein keresztül írásban kérheti, hogy a Szolgáltató módosítsa valamely személyes adatát, օրինակ ha megváltozik az e-mail címe."
Az adathordozhatósághoz való jogA Felhasználó a Szolgáltató fent megadott …,"How can I request portability of my personal data, and how long will it take?","The User may request in writing via the Service Provider’s contact details provided above that the personal data they have provided to the Service Provider be given to them in a structured, widely used, machine-readable format. The Service Provider will fulfill this request as soon as possible, but no later than within 25 days, by letter sent to the contact details provided by the User."
Az adathordozhatósághoz való jogA Felhasználó a Szolgáltató fent megadott …,"Hogyan kérhetem a személyes adataim hordozhatóságát, és mennyi időn belül teljesítik a kérést?","A Felhasználó a Szolgáltató fent megadott elérhetőségein keresztül írásban kérheti, hogy az általa a Szolgáltató rendelkezésére bocsátott személyes adatokat tagolt, széles körben használt, géppel olvasható formátumban megkapja. A Szolgáltató ezt a kérést mihamarabb, de legfeljebb 25 napon belül teljesíti, a Felhasználó által megadott elérhetőségére küldött levélben."
Az adatok törléséhez való jogA Felhasználó a Szolgáltató fent megadott …,How can I request the blocking of my personal data?,"The User may request in writing, via the Service Provider’s contact details provided above, that the Service Provider block the User’s personal data. The Service Provider will review this request as soon as possible, but no later than within 25 days, and will inform the User of the outcome by letter sent to the contact details provided by the User."
Az adatok törléséhez való jogA Felhasználó a Szolgáltató fent megadott …,Hogyan kérhetem a személyes adataim zárolását?,"A Felhasználó a Szolgáltató fent megadott elérhetőségein keresztül írásban kérheti, hogy a Szolgáltató a személyes adatait zárolja. A Szolgáltató ezt a kérést mihamarabb, de legfeljebb 25 napon belül megvizsgálja, és tájékoztatja ennek eredményéről a Felhasználót az általa megadott elérhetőségére küldött levélben."
Az adatok törléséhez való jogA Felhasználó a Szolgáltató fent megadott …,How can I request the deletion of my personal data?,"The User may request in writing, via the Service Provider’s contact details provided above, that the Service Provider delete the personal data processed about the User. The Service Provider will review the request as soon as possible, but no later than within 25 days, and will notify the User of the outcome by letter sent to the provided contact details."
Az adatok törléséhez való jogA Felhasználó a Szolgáltató fent megadott …,Hogyan kérhetem a rólam kezelt személyes adatok törlését?,"A Felhasználó a Szolgáltató fent megadott elérhetőségein keresztül írásban kérheti, hogy a Szolgáltató a Felhasználóval kapcsolatosan kezelt személyes adatait törölje. A Szolgáltató a kérést mihamarabb, de legfeljebb 25 napon belül megvizsgálja, és az eredményről a megadott elérhetőségre küldött levélben értesíti a Felhasználót."
"Válaszd ki a kiszemelt ugrálóvárat, amit le szeretnél foglalni.",How can I reserve the chosen bouncy castle?,You can reserve the chosen bouncy castle by selecting the model you want to book.
"Válaszd ki a kiszemelt ugrálóvárat, amit le szeretnél foglalni.",Hogyan tudom lefoglalni a kiszemelt ugrálóvárat?,"A kiszemelt ugrálóvárat úgy tudod lefoglalni, hogy kiválasztod azt a modellt, amelyet le szeretnél foglalni."
Általános szerződési feltételek,How can the contract be modified or terminated?,"The contract may be modified or terminated only by the parties’ mutual agreement in письмен form. Either party is entitled to terminate the contract with immediate effect if the other party persistently, seriously, or in a way affecting the essence of the legal relationship breaches the contractual provisions."
Általános szerződési feltételek,Hogyan lehet a szerződést módosítani vagy felmondani?,"A szerződést csak a felek közös akarata alapján, írásos formában lehet módosítani vagy megszüntetni. Az egyik fél jogosult azonnali hatállyal felmondani a szerződést, ha a másik fél tartósan, súlyosan vagy a jogviszony lényegét érintő módon megsérti a szerződésben foglaltakat."
"A megrendelés történhet telefonon, e-mailben vagy a weboldalon keresztül. A …","How can the order be placed, and when is the contract formed?","The order can be placed by phone, e-mail, or through the website. The contract is formed upon confirmation by the Service Provider."
"A megrendelés történhet telefonon, e-mailben vagy a weboldalon keresztül. A …","Hogyan történhet a megrendelés, és mikor jön létre a szerződés?","A megrendelés történhet telefonon, e-mailben vagy a weboldalon keresztül. A szerződés a Szolgáltató visszaigazolásával jön létre."
"A bérleti díj kifizetése megtörténik (készpénz, azonnali utalás, Revolut)",How can the rental fee be paid?,"The rental fee can be paid in cash, by instant bank transfer, or via Revolut."
A bérleti időszak meghosszabbítására kizárólag Bérbeadóval történő előzetes …,"How can the rental period be extended, and is there a fee for it?","The rental period can only be extended by prior arrangement with the Lessor, and the extension period is always subject to a fee. The fee for the extension is the pro rata portion of the fee agreed for the original rental period."
A bérleti időszak meghosszabbítására kizárólag Bérbeadóval történő előzetes …,"Hogyan lehet meghosszabbítani a bérleti időszakot, és van-e ennek díja?","A bérleti időszak meghosszabbítására kizárólag a Bérbeadóval történő előzetes egyeztetés alapján van lehetőség, és a hosszabbítás időtartama minden esetben díjköteles. A hosszabbítás díja az eredeti bérleti időszakra megállapodott díj időarányos része."
"Az így begyűjtött adatok anonimak, és nem alkalmasak a Felhasználó személyének …",How can the User prevent GA from measuring and using their data?,"If the User does not want GA to measure and use their data in the way and for the purpose described above, they can install the following blocking add-on on their computer: https://tools.google.com/dlpage/gaoptout"
"Az így begyűjtött adatok anonimak, és nem alkalmasak a Felhasználó személyének …","Hogyan tudja a Felhasználó megakadályozni, hogy a GA mérje és használja az adatait?","Ha a Felhasználó nem szeretné, hogy a GA az adatait a fent ismertetett módon és céllal mérje és használja, telepítheti az alábbi blokkoló kiegészítőt a számítógépére: https://tools.google.com/dlpage/gaoptout"
Foglalás kérése,"How do I request a booking, and what is the condition for the booking?","After submitting a booking request, the provider confirms the booking. The booking becomes valid upon confirmation."
Foglalás kérése,"Hogyan történik a foglalás kérése, és mi a foglalás feltétele?",A foglalási kérés benyújtása után a szolgáltató visszaigazolja a foglalást. A foglalás a visszaigazolással válik érvényessé.
A foglalást követően e-mailben igazoljuk vissza a megrendelés elfogadását …,"How do you confirm a booking, and where should I look for the confirmation email if it does not appear in my inbox?","After the booking, we confirm acceptance and approval of the order by email. If you cannot find our confirmation email in your inbox, please also check the Promotions or Spam (junk mail) folder."
A foglalást követően e-mailben igazoljuk vissza a megrendelés elfogadását …,"Hogyan igazoljátok vissza a foglalást, és hol érdemes keresni a visszaigazoló e-mailt, ha nem érkezik meg az inboxba?","A foglalást követően e-mailben igazoljuk vissza a megrendelés elfogadását, jóváhagyását. Ha nem találod a visszaigazoló levelünket a beérkező üzenetek között, mindenképp keresd a promóciók, vagy a Spam (levélszemét) mappában."
A Gowinday Kft. az adatokat megfelelő intézkedésekkel védi a jogosulatlan …,How does Gowinday Kft. protect data against unauthorized access and other harms?,"Gowinday Kft. protects data with appropriate measures against unauthorized access, alteration, transmission, disclosure, deletion or destruction, as well as accidental loss."
A Gowinday Kft. az adatokat megfelelő intézkedésekkel védi a jogosulatlan …,Hogyan védi a Gowinday Kft. az adatokat a jogosulatlan hozzáféréssel és más károkkal szemben?,"A Gowinday Kft. az adatokat megfelelő intézkedésekkel védi a jogosulatlan hozzáférés, megváltoztatás, továbbítás, nyilvánosságra hozatal, törlés vagy megsemmisítés, valamint a véletlen megsemmisülés ellen."
Online foglalás,How does the bouncy castle rental process work?,The provided text only contains the title “Ugrálóvár bérlés folyamata” and does not describe the steps of the process.
Online foglalás,Hogyan történik az ugrálóvár bérlés folyamata?,"A megadott szöveg csak a „Ugrálóvár bérlés folyamata” címet tartalmazza, de a folyamat részleteit nem írja le."
A megrendelést (figyelembe véve a légvárak foglaltságát) egyedileg igazolja …,"How does the Lessor confirm the order, and what happens if no confirmation arrives within 48 hours?","The Lessor confirms the order individually by email, taking into account the availability of the inflatable castles. If the confirmation does not arrive to the Lessee within 48 hours, the Lessee’s offer obligation ends."
A megrendelést (figyelembe véve a légvárak foglaltságát) egyedileg igazolja …,"Hogyan igazolja vissza a Bérbeadó a megrendelést, és mi történik, ha 48 órán belül nem érkezik visszaigazolás?","A Bérbeadó a megrendelést egyedileg, elektronikus levélben igazolja vissza, figyelembe véve a légvárak foglaltságát. Ha 48 órán belül nem érkezik meg a visszaigazolás a Bérlő számára, a Bérlő ajánlati kötöttsége megszűnik."
"a gyöngyvászon anyagból készült várak súlya kb. 30-40 kg, szállítása rendkivül …",How easy is it to set up the castles made of perlon canvas on site?,On-site setup is simple and quick.
"a gyöngyvászon anyagból készült várak súlya kb. 30-40 kg, szállítása rendkivül …",Milyen egyszerű a gyöngyvászon anyagból készült várak helyszíni beüzemelése?,A helyszíni beüzemelés egyszerű és gyors.
Rendkívül gyors és egyszerű az ugrálóvár foglalás.,How fast and easy is it to book the bouncy castle?,Booking the bouncy castle is extremely fast and simple.
Rendkívül gyors és egyszerű az ugrálóvár foglalás.,Mennyire gyors és egyszerű az ugrálóvár foglalása?,Rendkívül gyors és egyszerű az ugrálóvár foglalás.
A honlapon a termékek lényeges tulajdonságairól az egyes termékeknél szereplő …,How final are the data and images shown on the product page?,"The data on the product page are for informational purposes only. The images are sometimes illustrative, and the colors do not always match the real product."
A honlapon a termékek lényeges tulajdonságairól az egyes termékeknél szereplő …,Mennyire tekinthetők véglegesnek a termékoldalon szereplő adatok és a képek?,"A termékoldalon található adatok tájékoztató jellegűek. A képek esetenként illusztrációk, és a színek nem mindig felelnek meg a valóságnak."
"A légvárak súlya kb. 80-100 kg, ezért a szállításukhoz minimum egy üres kombi …","How heavy are the bouncy castles, and what kind of vehicle is needed to transport them?","The bouncy castles weigh about 80-100 kg, so transporting them requires at least an empty station wagon, trailer, minivan, or small van."
"A légvárak súlya kb. 80-100 kg, ezért a szállításukhoz minimum egy üres kombi …","Mekkora a légvárak súlya, és milyen jármű szükséges a szállításukhoz?","A légvárak súlya kb. 80-100 kg, ezért a szállításukhoz minimum egy üres kombi autó, utánfutó, egyterű, illetve kis dobozos autó szükséges."
Az egyeztetést vagy online foglalást követően a foglalást e-mailben/ telefonon …,How is the booking confirmed after the consultation or online booking?,"After the consultation or online booking, we confirm the booking by e-mail/phone."
Az egyeztetést vagy online foglalást követően a foglalást e-mailben/ telefonon …,Hogyan történik a foglalás visszaigazolása az egyeztetés vagy online foglalás után?,Az egyeztetést vagy online foglalást követően a foglalást e-mailben/ telefonon visszaigazoljuk.
A békéltető testület eljárása a fogyasztó kérelmére indul. A kérelmet a …,"How is the conciliation body procedure initiated, and where must the application be submitted?","The conciliation body procedure is initiated at the consumer’s request. The application must be submitted in writing to the chair of the conciliation body. The written-form requirement can also be met by letter, telegram, telex or fax, or by any other tool that allows the recipient to permanently store the data for the intended purpose and display the stored data unchanged in form and content."
A békéltető testület eljárása a fogyasztó kérelmére indul. A kérelmet a …,"Hogyan indítható a békéltető testület eljárása, és hova kell benyújtani a kérelmet?","A békéltető testület eljárása a fogyasztó kérelmére indul. A kérelmet a békéltető testület elnökéhez kell írásban benyújtani. Az írásbeliség követelményének levél, távirat, távgépíró vagy telefax útján, továbbá bármely egyéb olyan eszközzel is eleget lehet tenni, amely lehetővé teszi az adatok tartós tárolását és változatlan megjelenítését."
"Visszaszállítás, elszámolás",How is the rental fee and any damage settled?,"Settlement takes place after the return transport. If the bouncy castle is returned undamaged and complete, the rental fee is considered settled. If damage occurs, the lessee is obliged to reimburse its value."
"Visszaszállítás, elszámolás",Hogyan történik az elszámolás a bérleti díjjal és az esetleges károkkal?,"Az elszámolás a visszaszállítást követően történik. Ha az ugrálóvárat sértetlenül és hiánytalanul adják vissza, a bérleti díj rendezettnek tekinthető. Ha kár keletkezik, annak értékét a bérlő köteles megtéríteni."
A Gowinday Kft. minden hozzá beérkezett elektronikus levelet az …,How long are incoming emails and the related personal data kept?,"Gowinday Kft. keeps every incoming email, together with the personal data, for an unlimited period from the time of data disclosure."
A Gowinday Kft. minden hozzá beérkezett elektronikus levelet az …,Mennyi ideig őrzik meg az elektronikus leveleket és a hozzájuk tartozó személyes adatokat?,"A Gowinday Kft. minden hozzá beérkezett elektronikus levelet az adatközléstől számított korlátlan ideig megőrzi, a személyes adatokkal együtt."
"A Gowinday Kft. olyan műszaki, szervezési és szervezeti intézkedésekkel …",How long are session cookies valid?,"These cookies remain valid until the end of the browsing session, and are automatically deleted from the computer or other device used for browsing when the browser is closed."
"A Gowinday Kft. olyan műszaki, szervezési és szervezeti intézkedésekkel …",Meddig érvényesek a munkamenet (session) cookie-k?,"Az ilyen típusú sütik érvényességi ideje a munkamenet (böngészés) befejezéséig tart, a böngésző bezárásával automatikusan törlődnek a számítógépről vagy a böngészésre használt más eszközről."
"Ugrálóvárak telepítése, szállítása",How long does installation and dismantling take?,"Setup may take up to 30 minutes, and dismantling may take up to 20 minutes."
"Ugrálóvárak telepítése, szállítása",Mennyi a telepítési és lebontási idő?,"A felállítás maximum 30 percet, a lebontás pedig maximum 20 percet vehet igénybe."
"A zárolás addig tart, ameddig a Felhasználó által megjelölt indok szükségessé …",How long does the data blocking last?,The blocking lasts as long as the reason indicated by the User makes the blocking of the data necessary.
"A zárolás addig tart, ameddig a Felhasználó által megjelölt indok szükségessé …",Meddig tart az adatok zárolása?,"A zárolás addig tart, ameddig a Felhasználó által megjelölt indok szükségessé teszi az adatok zárolását."
Nem fogyasztóval kötött szerződés esetén a jogosult az átvétel időpontjától …,How long does the entitled party have to enforce warranty claims in a contract not concluded with a consumer?,"In the case of a contract not concluded with a consumer, the entitled party may enforce warranty claims within a 1-year limitation period calculated from the time of acceptance."
Nem fogyasztóval kötött szerződés esetén a jogosult az átvétel időpontjától …,Mennyi idő alatt érvényesítheti a jogosult a szavatossági igényeit nem fogyasztóval kötött szerződés esetén?,Nem fogyasztóval kötött szerződés esetén a jogosult az átvétel időpontjától számított 1 éves elévülési határidő alatt érvényesítheti szavatossági igényeit.
"A bérleti idő a Bérleti szerződésben meghatározott időpontig áll fenn, amely …","How long does the rental period last, and when is the rental fee due?","The rental period lasts until the date specified in the Rental Agreement, and the rental fee is payable upon pickup."
"A bérleti idő a Bérleti szerződésben meghatározott időpontig áll fenn, amely …","Meddig tart a bérleti idő, és mikor kell a kölcsönzési díjat megfizetni?","A bérleti idő a Bérleti szerződésben meghatározott időpontig áll fenn, és a kölcsönzési díj az átvételkor fizetendő."
"Az érintett kérésére a Gowinday Kft. korlátozza az adatkezelést, ha az alábbi …",How long does the restriction last if the data subject disputes the accuracy of the data?,"In this case, the restriction applies for the period that allows the accuracy of the personal data to be verified."
"Az érintett kérésére a Gowinday Kft. korlátozza az adatkezelést, ha az alábbi …","Meddig tart a korlátozás, ha az érintett vitatja az adatok pontosságát?","Ebben az esetben a korlátozás arra az időtartamra vonatkozik, amely lehetővé teszi a személyes adatok pontosságának ellenőrzését."
"Az érintett kérésére a Gowinday Kft. korlátozza az adatkezelést, ha az alábbi …",How long does the restriction last if the data subject has objected to the processing?,"In this case, the restriction applies for the period until it is determined whether the controller’s legitimate grounds override the data subject’s legitimate grounds."
"Az érintett kérésére a Gowinday Kft. korlátozza az adatkezelést, ha az alábbi …","Meddig tart a korlátozás, ha az érintett tiltakozott az adatkezelés ellen?","Ebben az esetben a korlátozás arra az időtartamra vonatkozik, amíg megállapításra nem kerül, hogy az adatkezelő jogos indokai elsőbbséget élveznek-e az érintett jogos indokaival szemben."
Az adatok helyesbítéséhez való jogA Felhasználó a Szolgáltató fent megadott …,How long does the Service Provider have to review the correction request?,"The Service Provider will review the User’s request as soon as possible, but no later than within 25 days."
Az adatok helyesbítéséhez való jogA Felhasználó a Szolgáltató fent megadott …,Mennyi időn belül vizsgálja meg a Szolgáltató a helyesbítési kérelmet?,"A Szolgáltató a Felhasználó kérését mihamarabb, de legkésőbb 25 napon belül megvizsgálja."
Az adatkezelés időtartamaA Szolgáltató az online foglaláshoz kapcsolódó …,How long does the Service Provider keep personal data related to an online booking?,"The Service Provider keeps personal data related to online booking for as long as necessary to prepare the contract, or, if the contract is not concluded, until it becomes certain that the contract will not be concluded."
Az adatkezelés időtartamaA Szolgáltató az online foglaláshoz kapcsolódó …,Meddig kezeli a Szolgáltató az online foglaláshoz kapcsolódó személyes adatokat?,A Szolgáltató az online foglaláshoz kapcsolódó személyes adatokat a szerződés előkészítéséhez szükséges ideig vagy a szerződéskötés meghiúsulása esetén ennek bizonyossá válásáig kezeli.
A Bérlő a Szolgáltatás igénybevétele során esetlegesen felmerülő panasz …,"How long is the complaint record kept, and when does the Renter receive a copy?","The record of the complaint is kept for five years together with the substantive reply. In the case of a verbal complaint made by phone or using another electronic communications service, a copy of the record is sent to the Renter no later than at the same time as the substantive reply."
A Bérlő a Szolgáltatás igénybevétele során esetlegesen felmerülő panasz …,"Meddig őrzik meg a panaszról készült jegyzőkönyvet, és mikor kapja meg a Bérlő a másolatát?",A panaszról készült jegyzőkönyvet az érdemi válasszal együtt öt évig megőrzik. Telefonon vagy egyéb elektronikus hírközlési szolgáltatással közölt szóbeli panasz esetén a jegyzőkönyv másolati példányát legkésőbb az érdemi válasszal egyidejűleg küldik meg a Bérlőnek.
A jelen ÁSZF hatálya alá tartozó szerződések nem minősülnek írásba foglalt …,How long must the company keep the record of the complaint and the copy of the response?,"The company is obliged to keep the record made of the complaint and a copy of the response for five years, and to present them to the supervisory authorities upon request."
A jelen ÁSZF hatálya alá tartozó szerződések nem minősülnek írásba foglalt …,Meddig köteles a vállalkozás megőrizni a panaszról felvett jegyzőkönyvet és a válasz másolati példányát?,"A vállalkozás a panaszról felvett jegyzőkönyvet és a válasz másolati példányát öt évig köteles megőrizni, és azt az ellenőrző hatóságoknak kérésükre bemutatni."
Bérlő a bérelt eszközöket rendeltetésszerűen használhatja. Bérlő felelős minden …,How may the renter use the rented equipment?,The renter may use the rented equipment only in accordance with its intended purpose.
Bérlő a bérelt eszközöket rendeltetésszerűen használhatja. Bérlő felelős minden …,Mire használhatja a bérlő a bérelt eszközöket?,A bérlő a bérelt eszközöket rendeltetésszerűen használhatja.
A vásárlás ellenértékét a következőképpen egyenlítheti ki Bérlő: a foglalás …,How much deposit must be paid after confirming the booking?,"After the booking is confirmed, a deposit of at least HUF 10,000 must always be paid. The deposit may even equal the rental fee, in which case nothing needs to be paid when the rental starts."
A vásárlás ellenértékét a következőképpen egyenlítheti ki Bérlő: a foglalás …,Mekkora előleget kell fizetni a foglalás megerősítése után?,"A foglalás megerősítését követően minden esetben legalább 10 000,- Ft értékű előleg fizetendő. Az előleg mértéke elérheti a bérleti díjat is, így a bérlet megkezdésekor már nem kell fizetni."
"a gyöngyvászon anyagból készült várak súlya kb. 30-40 kg, szállítása rendkivül …","How much do the castles made of perlon canvas weigh, and how easy is their transport?","The castles made of perlon canvas weigh about 30-40 kg, their transport is extremely easy, and they fit in the trunk of a passenger car."
"a gyöngyvászon anyagból készült várak súlya kb. 30-40 kg, szállítása rendkivül …","Mennyi a gyöngyvászon anyagból készült várak súlya, és mennyire egyszerű a szállításuk?","A gyöngyvászon anyagból készült várak súlya kb. 30-40 kg, szállításuk rendkívül egyszerű, és egy személyautó csomagtartójában elférnek."
"Telepítéssel, felügyelet nélkül 2 nap: bruttó 83.000 Ft + kiszállítási díj …","How much does a 2-day rental with installation and no supervision cost, and what is the delivery fee?","A 2-day rental with installation and no supervision costs gross HUF 83,000 + delivery fee calculated from Szombathely at HUF 165/km. Every additional day is gross HUF 25,000."
"Telepítéssel, felügyelet nélkül 2 nap: bruttó 83.000 Ft + kiszállítási díj …","Mennyibe kerül a telepítéssel, felügyelet nélkül 2 napos bérlés, és mennyi a kiszállítási díj?","A telepítéssel, felügyelet nélkül 2 napos bérlés bruttó 83.000 Ft + kiszállítási díj Szombathelytől számítva 165 Ft/km. Minden további nap bruttó 25.000 Ft."
Szállítási terület,How much does delivery cost within a 10 km radius of Debrecen?,Delivery is free within a 10 km radius of Debrecen.
Szállítási terület,Mennyibe kerül a kiszállítás Debrecen 10 km-es körzetében?,Debrecen 10 km-es körzetében a kiszállítás ingyenes.
Szállítási terület,How much does delivery cost within a 10 to 30 km radius of Debrecen?,Delivery costs 8000 Ft within a 10 to 30 km radius of Debrecen.
Szállítási terület,Mennyibe kerül a kiszállítás Debrecen 10 és 30 km közötti körzetében?,Debrecen 10 - 30 km-es körzetében a kiszállítás 8000 Ft.
Bérleti díj,"How much is 1-day rental with installation, without supervision, and what is the basis for the delivery fee?","With installation, without supervision, for 1 day: gross HUF 58,000 + delivery fee calculated from Szombathely at HUF 165/km."
Bérleti díj,"Mennyibe kerül a telepítéssel, felügyelet nélkül történő 1 napos bérlés, és mi a kiszállítási díj alapja?","Telepítéssel, felügyelet nélkül 1 nap: bruttó 58.000 Ft + kiszállítási díj Szombathelytől számítva 165 Ft/km."
Bérleti díj,How much is on-site pickup if the renter transports it there and back for 1 day?,"On-site pickup, with transport to and from by the renter, for 1 day: gross HUF 35,000."
Bérleti díj,"Mennyibe kerül a telephelyi átvétel, ha a bérlő szállítja el és vissza, 1 napra?","Telephelyi átvétel, a bérlő által el- és vissza szállítással 1 nap: bruttó 35.000 Ft."
Bérleti díj,"How much is on-site pickup if the renter transports it there and back for 2 days, and what is the fee for each additional day?","On-site pickup, with transport to and from by the renter, for 2 days: gross HUF 60,000; each additional day is gross HUF 25,000."
Bérleti díj,"Mennyibe kerül a telephelyi átvétel, ha a bérlő szállítja el és vissza, 2 napra, és mennyi minden további nap díja?","Telephelyi átvétel, a bérlő által el- és vissza szállítással 2 nap: bruttó 60.000 Ft, minden további nap bruttó 25.000 Ft."
Bérlési feltételek,"How much is the deposit, and when is it returned?","The deposit is 20,000 HUF. This amount is returned when the castle is handed back undamaged and clean, at the latest within 1 working day."
Bérlési feltételek,"Mekkora kauciót kell fizetni, és mikor jár vissza?","A kaució mértéke 20.000 Ft. Ez az összeg a kastély sérülésmentes, tiszta állapotban történő visszaadásakor, legkésőbb 1 munkanapon belül jár vissza. A kaució mértéke 20.000 Ft. Ez az összeg a kastély sérülésmentes, tiszta állapotban történő visszaadásakor, legkésőbb 1 munkanapon belül jár vissza."
A Gowinday Kft. a hatóságok részére – amennyiben a hatóság a pontos célt és az …,How much personal data does Gowinday Kft. disclose to authorities?,"It only discloses as much data, and to the extent necessary, as is indispensable for achieving the purpose of the request."
A Gowinday Kft. a hatóságok részére – amennyiben a hatóság a pontos célt és az …,Mennyi személyes adatot ad ki a Gowinday Kft. a hatóságok részére?,"Csak annyit és olyan mértékben ad ki, amely a megkeresés céljának megvalósításához elengedhetetlenül szükséges."
Online foglalás,How should I notify you if I want to cancel my booking by the day before the event or on the event day?,"If the booking is cancelled no later than the day before the event or on the event day, it must be notified by phone, email, or in person."
Online foglalás,"Hogyan kell jelezni a foglalás lemondását, ha a rendezvény előtt másnapig vagy aznapig szeretném visszamondani?","Ha a foglalást legkésőbb a rendezvényt megelőző napig vagy aznap mondják vissza, azt telefonon, e-mailben vagy személyesen kell jelezni."
Mi történik az ugrálóvár lefoglalását követően a buli napján?,How should the bounce castle be inflated and secured?,"You need to find the air blower tube, attach the blower motor to it, and then connect it to 220V. Turn on the compressor, which inflates the bounce castle in a very short time. The compressor must run continuously, otherwise the castle will collapse. After that, make sure the bounce castle does not touch any obstacles (branch, building wall, garden toy, cable, paving, etc.), then secure it with stakes through the fastening loops; if the stakes cannot be driven into the ground, it must be tied down with rope."
Mi történik az ugrálóvár lefoglalását követően a buli napján?,Hogyan kell felfújni és rögzíteni az ugrálóvárat?,"Meg kell keresni a légbefúvó csövet, rögzíteni kell hozzá a befújó motort, majd csatlakoztatni a 220V-hoz. A kompresszort be kell kapcsolni, és az nagyon rövid idő alatt felfújja az ugrálóvárat. A kompresszornak folyamatosan működnie kell, különben összeesik a vár. Ezután meg kell győződni arról, hogy az ugrálóvár nem érintkezik semmilyen tereptárggyal (ág, épület fal, kerti játék, kábel, burkolat, stb.), majd a cövekekkel rögzíteni kell a rögzítőfüleken keresztül; ha a talajba nem lehet a cövekeket leütni, akkor kötéllel kell kikötni."
A házhozszállítás díját Bérlő a visszaigazoló emailben küldi meg Bérlő számára. …,How will I receive the delivery fee if I request home delivery?,The delivery fee will be sent to the Renter in the confirmation email.
A házhozszállítás díját Bérlő a visszaigazoló emailben küldi meg Bérlő számára. …,"Hogyan kapom meg a házhozszállítás díját, ha azt kérem?",A házhozszállítás díját a Bérlő a visszaigazoló emailben küldi meg a Bérlő számára.
Az adatok helyesbítéséhez való jogA Felhasználó a Szolgáltató fent megadott …,How will the Service Provider notify me of the outcome of the request?,The Service Provider will notify the User of the result of the review by letter sent to the contact details provided.
Az adatok helyesbítéséhez való jogA Felhasználó a Szolgáltató fent megadott …,Hogyan értesít a Szolgáltató a kérelem eredményéről?,A Szolgáltató a vizsgálat eredményéről a Felhasználót a megadott elérhetőségére küldött levélben értesíti.
Bérbeadó a hozzá írásban érkezett panaszt 30 napon belül érdemben megválaszolja. …,"If a dispute is not resolved through negotiations with the Lessor, what options does the Lessee have?",The Lessee may file a complaint with the consumer protection authority or initiate proceedings before the Conciliation Board.
Bérbeadó a hozzá írásban érkezett panaszt 30 napon belül érdemben megválaszolja. …,"Ha a Bérbeadóval folytatott tárgyalások során nem rendeződik a jogvita, milyen lehetőségei vannak a Bérlőnek?","A Bérlő panaszt tehet a fogyasztóvédelmi hatóságnál, vagy kezdeményezheti a Békéltető testület eljárását."
Lehetőségek jogérvényesítésreA Felhasználó adatkezeléssel kapcsolatos …,"If I believe my rights have been violated, where can I seek legal remedy?","If you believe your rights have been violated, you can seek legal remedy by going to court and initiating a lawsuit against the Service Provider. The case is heard by the regional court (törvényszék)."
Lehetőségek jogérvényesítésreA Felhasználó adatkezeléssel kapcsolatos …,"Ha sérültek a jogaim, hová fordulhatok jogorvoslatért?","Ha úgy érzi, sérültek a jogai, jogorvoslattal a bírósághoz fordulhat és pert kezdeményezhet a Szolgáltató ellen. A per elbírálása a törvényszék hatáskörébe tartozik."
"Ha Ön panaszt kíván tenni egy, az interneten vásárolt termékkel vagy …","If I have a complaint about an online-purchased product or service and do not necessarily want to go to court, what can I do?","You can use the online dispute resolution tool. On the portal, you and the trader you complained against can jointly choose the dispute resolution body you want to handle the complaint."
"Ha Ön panaszt kíván tenni egy, az interneten vásárolt termékkel vagy …","Ha online vásárolt termékkel vagy szolgáltatással kapcsolatban panaszom van, és nem akarok bírósághoz fordulni, mit tehetek?","Igénybe veheti az online vitarendezés eszközét. A portálon Ön és a kereskedő, akivel szemben panasszal élt, közösen kiválaszthatják a panasz kezelésével megbízni kívánt vitarendezési testületet."
"Amennyiben a Bérlő a közvetlen banki átutalást választja, úgy a következő adatok …","If I want to pay by direct bank transfer, what details do I need to provide?",Beneficiary name: Stonetex Kft. Beneficiary account number: 10700392-27428502-52000001.
"Amennyiben a Bérlő a közvetlen banki átutalást választja, úgy a következő adatok …","Ha közvetlen banki átutalással szeretnék fizetni, milyen adatokat kell megadnom?",A kedvezményezett neve: Stonetex Kft. A kedvezményezett számlaszáma: 10700392-27428502-52000001.
Ha Bérlő a szavatossági igényét a terméktől – a megjelölt hiba szempontjából – …,"If the Renter asserts a warranty claim only for a separable part of the product, does it also count as asserted for the rest of the product?","No. If the Renter asserts a warranty claim with respect to a part of the product separable from it in terms of the indicated defect, the warranty claim is not deemed asserted for the other parts of the product."
Ha Bérlő a szavatossági igényét a terméktől – a megjelölt hiba szempontjából – …,"Ha a Bérlő a szavatossági igényét csak a termék egy elkülöníthető részére érvényesíti, ez kiterjed a termék többi részére is?","Nem. Ha a Bérlő a szavatossági igényét a terméktől – a megjelölt hiba szempontjából – elkülöníthető része tekintetében érvényesíti, a szavatossági igény a termék egyéb részeire nem minősül érvényesítettnek."
"Bérlő a Bérbeadó hibás teljesítése esetén (hibás a teljesítés különösen, ha a …","In a consumer contract, how long may the Renter enforce warranty claims?","In a consumer contract, the Renter may enforce warranty claims within a 2-year limitation period from the time of receipt, for product and service defects that already existed at the time the product was handed over."
"Bérlő a Bérbeadó hibás teljesítése esetén (hibás a teljesítés különösen, ha a …",Fogyasztói szerződés esetén meddig érvényesítheti a Bérlő a szavatossági igényeit?,"Fogyasztói szerződés esetén a Bérlő az átvétel időpontjától számított 2 éves elévülési határidő alatt érvényesítheti szavatossági igényeit, azokért a termék és szolgáltatás hibákért, amelyek a termék átadása időpontjában már léteztek."
"Bizonyos esetekben a megadott adatok egy körének kezelését, tárolását …","In what case can the processing, storage, or transmission of the provided data be mandatory under law?","In certain cases, the processing, storage, and transmission of a set of provided data are made mandatory by law, and customers are notified separately about this."
"Bizonyos esetekben a megadott adatok egy körének kezelését, tárolását …","Milyen esetben lehet kötelező a megadott adatok kezelésének, tárolásának vagy továbbításának jogszabályi alapon történő elvégzése?","Bizonyos esetekben a megadott adatok egy körének kezelését, tárolását, továbbítását jogszabályok teszik kötelezővé, melyről külön értesítik az ügyfeleket."
Az érintett az alábbi indokok valamelyikének fennállása esetén jogosult arra …,In what cases can the data subject request the deletion of their personal data?,"Upon the data subject’s request, Gowinday Kft. will delete the personal data concerning them without undue delay if the data are no longer needed for the purpose for which they were collected or otherwise processed; if the data subject withdraws the consent on which the processing is based and there is no other legal basis; if the data subject objects to the processing and there are no overriding legitimate grounds; if the personal data were processed unlawfully; if the data must be erased to comply with a legal obligation under Union or Member State law applicable to the controller; or if the personal data were collected in connection with the offering of information society services."
Az érintett az alábbi indokok valamelyikének fennállása esetén jogosult arra …,Milyen esetekben kérheti az érintett a személyes adatai törlését?,"Az érintett kérésére a Gowinday Kft. indokolatlan késedelem nélkül törli a rá vonatkozó személyes adatokat, ha az adatokra már nincs szükség abból a célból, amelyből gyűjtötték vagy kezelték; ha az érintett visszavonja a hozzájárulását és nincs más jogalap; ha tiltakozik az adatkezelés ellen és nincs elsőbbséget élvező jogszerű ok; ha az adatokat jogellenesen kezelték; ha jogi kötelezettség teljesítéséhez törölni kell; vagy ha az adatokat információs társadalommal összefüggő szolgáltatások kínálásával kapcsolatban gyűjtötték."
"Az adatok törlése nem kezdeményezhető, ha az adatkezelés szükséges: a …",In what cases can the right to restrict processing be applied?,"The provided excerpt only states that deletion cannot be initiated in certain cases; the heading for the right to restrict processing appears, but the details are not included in this text fragment."
"Az adatok törlése nem kezdeményezhető, ha az adatkezelés szükséges: a …",Mely célok esetén korlátozható az adatkezelés joga?,"A megadott részben csak az szerepel, hogy az adatok törlése nem kezdeményezhető bizonyos esetekben; az adatkezelés korlátozásához való jog címe szerepel, de a részletek ebben a szövegrészben nem találhatók."
Az ugrálóvár átvételekor:,In what condition do I need to accept the bouncy castle at pickup?,"At pickup, the bouncy castle must be accepted in clean, undamaged condition, and this is checked during the handover."
Az ugrálóvár átvételekor:,Milyen állapotban kell átvennem az ugrálóvárat az átvételkor?,"Az ugrálóvárat az átvételkor tiszta, sérülésmentes állapotban kell átvenni, és az átadás-átvétel során ezt ellenőrizni kell."
A Bérbeadó az eszközöket minden esetben működőképes állapotban adja át.Bérlő …,In what condition does the Lessor hand over the equipment?,The Lessor hands over the equipment in working condition in every case.
A Bérbeadó az eszközöket minden esetben működőképes állapotban adja át.Bérlő …,Milyen állapotban adja át a Bérbeadó az eszközöket?,A Bérbeadó az eszközöket minden esetben működőképes állapotban adja át.
"Jelen szerződés alapján a Bérbeadó, a bérbe vevő számára, (továbbiakban: Bérlő) …",In what condition does the Lessor hand over the rental equipment?,"The Lessor provides the rental equipment listed in detail on the delivery note for temporary use, in operable and clean condition."
"Jelen szerződés alapján a Bérbeadó, a bérbe vevő számára, (továbbiakban: Bérlő) …",Milyen állapotban adja át a Bérbeadó a bérleti eszközöket?,"A Bérbeadó a Szállítólevélben részletesen megnevezett, üzemképes, tiszta állapotban lévő bérleti eszközöket adja időleges használatba."
"A Gowinday Kft. megfelelő intézkedéseket hoz annak érdekében, hogy az érintettek …",In what form does Gowinday Kft. provide information about the processing of personal data?,"Gowinday Kft. takes appropriate measures to provide data subjects with all information referred to in Articles 13 and 14 of the GDPR, and each communication under Articles 15–22 and 34, in a concise, transparent, understandable and easily accessible form, clearly and in plain language."
"A Gowinday Kft. megfelelő intézkedéseket hoz annak érdekében, hogy az érintettek …",Milyen formában nyújtja a Gowinday Kft. a személyes adatok kezelésére vonatkozó tájékoztatást?,"A Gowinday Kft. megfelelő intézkedéseket hoz annak érdekében, hogy az érintettek részére a személyes adatok kezelésére vonatkozó, a GDPR 13. és a 14. cikkben említett valamennyi információt és a 15–22. és 34. cikk szerinti minden egyes tájékoztatást tömör, átlátható, érthető és könnyen hozzáférhető formában, világosan és közérthetően megfogalmazva nyújtsa."
"Átadjuk a kibérelt ugrálóvárat, a biztonságos működtetéshez szükséges összes …",In what weather conditions is it forbidden to set up the bouncy castle?,"It is forbidden to set up the bouncy castle in strong wind, rainy/wet weather, and in a fire-hazardous place."
"Átadjuk a kibérelt ugrálóvárat, a biztonságos működtetéshez szükséges összes …",Milyen időjárási körülmények között tilos felállítani az ugrálóvárat?,"Tilos az ugrálóvárat erős szélben, esős csapadékos időben és tűzveszélyes helyen felállítani. Az ugrálóvárakat szélben és esőben TILOS felállítani. Eső esetén nem szabad kint hagyni, és hirtelen érkezett eső esetén is azonnal össze kell hajtani."
A kezelt adatok köre és az adatkezelés céljaNév: a Felhasználó neve a velevaló …,Is it mandatory to provide a phone number?,"No, providing a phone number is not mandatory."
A kezelt adatok köre és az adatkezelés céljaNév: a Felhasználó neve a velevaló …,Kötelező megadni a telefonszámot?,"Nem, a telefonszám megadása nem kötelező."
A fenti együttműködési kötelezettség megszegése esetén a fogyasztóvédelmi …,Is it possible to waive the fine if the business acts unlawfully?,"No. Under the legal change, fines are mandatory, and there is no option to waive them."
A fenti együttműködési kötelezettség megszegése esetén a fogyasztóvédelmi …,"Van lehetőség a bírság mellőzésére, ha a vállalkozás jogsértően jár el?","Nincs. A jogszabályváltozás alapján kötelező bírságkiszabás alkalmazandó, bírságtól való eltekintésre nincs lehetőség."
A szerződés nyelve magyar nyelv és a szerződés nem minősül írásbeli …,Is registration required to place an order?,"No. The website content is accessible without registration, and purchasing is not tied to registration (and then login). There is no registration process for the renter; orders can be placed only through the order form."
A szerződés nyelve magyar nyelv és a szerződés nem minősül írásbeli …,Szükséges regisztráció a megrendeléshez?,"Nem. A honlap tartalma regisztráció nélkül is elérhető, és a vásárlás nincs regisztrációhoz (majd belépéshez) kötve. A Bérlő részére nincs regisztrációs folyamat, a megrendelés kizárólag a megrendelőlapon keresztül történik."
A szerződés nyelve magyar nyelv és a szerződés nem minősül írásbeli …,"Is the contract considered a written contract, and can it be viewed later?","No. The contract language is Hungarian, and the contract is not considered a written contract. The Lessor does not file it, so it cannot be accessed or viewed later, except for the order data."
A szerződés nyelve magyar nyelv és a szerződés nem minősül írásbeli …,"A szerződés írásbeli szerződésnek minősül, és utólag megtekinthető?","Nem. A szerződés nyelve magyar nyelv, a szerződés nem minősül írásbeli szerződésnek, a Bérbeadó nem iktatja, ezért utólag nem hozzáférhető és nem megtekinthető, ide nem értve a megrendelések adatait."
Bérbeadó nem kötelezhető bérbeadásra és jogosult egyoldalúan elállni a …,"Is the lessor obliged to rent out the equipment, and until when may it withdraw from the contract?","No, the lessor is not obliged to rent out the equipment, and it is entitled to withdraw unilaterally from concluding the contract before the Delivery Note is signed."
Bérbeadó nem kötelezhető bérbeadásra és jogosult egyoldalúan elállni a …,"Kötelezhető-e a bérbeadó a bérbeadásra, és meddig állhat el a szerződéskötéstől?","Nem, a bérbeadó nem kötelezhető bérbeadásra, és jogosult egyoldalúan elállni a szerződéskötéstől a Szállítólevél aláírása előtt."
Amennyiben párhuzamosan többen is ugyanazon eszközt kívánják megrendelni …,Is the Lessor responsible for booking errors or damages caused by e-mails not delivered due to an e-mail provider error?,No. The Lessor is not responsible for booking errors or any damages arising from e-mails not delivered due to an e-mail provider error.
Amennyiben párhuzamosan többen is ugyanazon eszközt kívánják megrendelni …,Vállal-e felelősséget a Bérbeadó az e-mail szolgáltató hibájából ki nem kézbesített levelek miatt?,Nem. Az e-mail szolgáltató hibájából ki nem kézbesített levelekből eredő foglalási hibákért és esetleges károkért a Bérbeadó nem vállal felelősséget.
"A Honlapon feltüntetett árak a rendelés időpontjában érvényes árak, amelyeket a …",Is the Service Provider liable for incorrectly displayed prices?,The Service Provider is not liable for prices that are obviously displayed incorrectly due to its own oversight and/or an IT system error.
"A Honlapon feltüntetett árak a rendelés időpontjában érvényes árak, amelyeket a …",Vállal-e felelősséget a Szolgáltató a hibásan feltüntetett árakért?,A Szolgáltató nem vállal felelősséget a gondossága ellenére és/vagy az informatikai rendszer hibájából eredően nyilvánvalóan hibásan feltüntetett árért.
"Hibás ár feltüntetése esetén Bérbeadó felajánlja, a termék valós áron történő …",Is there a way to correct data entry errors?,"The text mentions correction of data entry errors in point 4, but does not detail a specific procedure."
"Hibás ár feltüntetése esetén Bérbeadó felajánlja, a termék valós áron történő …",Van lehetőség az adatbeviteli hibák javítására?,"A szöveg a 4. pontban az adatbeviteli hibák javítását említi, de konkrét eljárást nem részletez."
Bérbeadó jogosult Bérlőnek a Szállítólevélen szereplő azonosító adatainak és …,May the Lessor pass the Lessee’s data on to third parties?,"No, the Lessor does not transfer the data to third parties."
Bérbeadó jogosult Bérlőnek a Szállítólevélen szereplő azonosító adatainak és …,A Bérbeadó átadhatja-e a Bérlő adatait harmadik félnek?,"Nem, a Bérbeadó az adatokat nem adja át harmadik félnek."
"Ha a bérelt eszköz Bérlőnek felróható okból meghibásodik, megsérül, Bérlő …",May the Renter repair or modify the rented equipment?,No. The Renter may not repair or modify the rented equipment.
"Ha a bérelt eszköz Bérlőnek felróható okból meghibásodik, megsérül, Bérlő …",Módosíthatja vagy javíthatja a Bérlő a bérelt eszközt?,Nem. A bérelt eszközöket a Bérlő nem javíthatja és nem alakíthatja át.
Az weboldalán alkalmazza a Google Analytics mint harmadik fél sütijeit is. A …,"On what legal basis can data processing be based, and can voluntary consent be withdrawn?","Data processing can be based on consent or on legal authorization. In the case of data processing based on voluntary consent, the data subjects may withdraw their consent at any stage of the processing."
Az weboldalán alkalmazza a Google Analytics mint harmadik fél sütijeit is. A …,"Milyen alapon történhet az adatkezelés, és visszavonható-e az önkéntes hozzájárulás?","Az adatkezelés hozzájáruláson, illetve törvényi felhatalmazáson alapulhat. Az önkéntes hozzájáruláson alapuló adatkezelések esetében az érintettek a hozzájárulásukat az adatkezelés bármely szakában visszavonhatják."
"A rendelet hatálya közvetlenül kiterjed az Unióban letelepedett, Magyarországon …",To whom does the regulation directly apply?,"The regulation directly applies to traders established in the European Union and having their registered office in Hungary, involved in online sales or service contracts, if a consumer dispute arises in connection with an online sales or service contract concluded between the trader and the consumer."
"A rendelet hatálya közvetlenül kiterjed az Unióban letelepedett, Magyarországon …",Kire terjed ki közvetlenül a rendelet hatálya?,"A rendelet hatálya közvetlenül kiterjed az Unióban letelepedett, Magyarországon székhellyel rendelkező online adásvételi vagy szolgáltatási szerződésekben érintett kereskedőre, amennyiben közte és a fogyasztó között létrejött online adásvételi vagy szolgáltatási szerződéssel kapcsolatban fogyasztói jogvita merül fel."
Szabadtéri használat esetén a légvár kizárólag 10 °C feletti hőmérséklet …,Under what weather conditions can the bouncy castle be used outdoors?,"For outdoor use, the bouncy castle may only be operated in temperatures above 10 °C, in dry weather with no precipitation, and with a maximum wind speed of 25 km/h."
Szabadtéri használat esetén a légvár kizárólag 10 °C feletti hőmérséklet …,Milyen időjárási feltételek mellett használható a légvár szabadtéren?,"Szabadtéri használat esetén a légvár kizárólag 10 °C feletti hőmérséklet, csapadékmentes időjárás és maximum 25 km/h szélsebesség mellett üzemeltethető."
Bérlési feltételek,Under what weather conditions can the bouncy castle be used?,"The bouncy castle may only be operated in suitable weather conditions. It must not be used in stormy wind, rain, or an electrical storm."
Bérlési feltételek,Milyen időjárási körülmények között használható a légvár?,"A légvárat csak megfelelő időjárási körülmények között lehet üzemeltetni. Szélvihar, eső, vagy elektromos vihar esetén nem használható. A légvárat csak megfelelő időjárási körülmények között lehet üzemeltetni. Szélvihar, eső, vagy elektromos vihar esetén nem használható."
Bérlőnak a rendelés bármely szakaszában és a megrendelés Bérbeadó részére való …,Until when can I correct data entry errors in my order?,"The Hirer may correct data entry errors on the Website at any time during any stage of the order process, until the order is sent to the Lessor."
Bérlőnak a rendelés bármely szakaszában és a megrendelés Bérbeadó részére való …,Meddig javíthatom az adatbeviteli hibákat a rendelésben?,"A Bérlő a rendelés bármely szakaszában, egészen addig, amíg a megrendelést el nem küldi a Bérbeadó részére, bármikor javíthatja az adatbeviteli hibákat a Honlapon a megrendelési felületen."
A megrendelés a kiszállítást megelőző 48 óráig díjmentesen lemondható. 48 órán …,Until when can the order be cancelled free of charge?,"The order can be cancelled free of charge up to 48 hours before delivery. If cancelled within 48 hours, 100% of the rental fee will be invoiced."
A megrendelés a kiszállítást megelőző 48 óráig díjmentesen lemondható. 48 órán …,Meddig mondható le díjmentesen a megrendelés?,A megrendelés a kiszállítást megelőző 48 óráig díjmentesen lemondható. 48 órán belüli lemondás esetén a bérleti díj 100%-a kiszámlázásra kerül.
"Átadjuk a kibérelt ugrálóvárat, a biztonságos működtetéshez szükséges összes …","What accessories are included with the bouncy castle, and is anchoring mandatory?","The rented bouncy castle is handed over with all accessories needed for safe operation: blower motor, anchoring stakes, underlay foil, and an exit sponge. The castles must ALWAYS be anchored."
"Átadjuk a kibérelt ugrálóvárat, a biztonságos működtetéshez szükséges összes …","Milyen tartozékokkal adják át az ugrálóvárat, és kötelező-e a rögzítés?","A kibérelt ugrálóvárat a biztonságos működtetéshez szükséges összes tartozékkal együtt adják át: befújó motorral, rögzítő vasakkal, alátét fóliával és kilépő szivaccsal. A várakat MINDEN esetben kötelező rögzíteni."
A helyeket nem tudjuk ellenőrizni és nem vállalunk felelősséget a valótlan vagy …,What appears under the headings “Other provisions” and “The purpose of the privacy notice”?,"In the provided excerpt, only the headings are visible: “9 Other provisions” and “1 The purpose of the privacy notice”."
A helyeket nem tudjuk ellenőrizni és nem vállalunk felelősséget a valótlan vagy …,Mi szerepel az „Egyéb rendelkezések” és az „Az adatkezelési tájékoztató célja” címek alatt?,A megadott részben csak a címek láthatók: „9 Egyéb rendelkezések” és „1 Az adatkezelési tájékoztató célja”.
Jelen dokumentumban nem szabályozott kérdésekben a Ptk. rendelkezései az …,What applies to issues not regulated in this document?,"For issues not regulated in this document, the provisions of the Hungarian Civil Code (Ptk.) apply."
Jelen dokumentumban nem szabályozott kérdésekben a Ptk. rendelkezései az …,Mi az irányadó a jelen dokumentumban nem szabályozott kérdésekben?,A jelen dokumentumban nem szabályozott kérdésekben a Ptk. rendelkezései az irányadóak.
Kapcsolat | GYIK | Bérlés feltétele | Facebook | Instagram,What are advertising cookies used for?,"Advertising cookies are used to deliver personalized advertisements to visitors based on previously visited pages, and to analyze the effectiveness of advertising campaigns."
Kapcsolat | GYIK | Bérlés feltétele | Facebook | Instagram,Mire használják a hirdetési sütiket?,"A hirdetési sütiket arra használják, hogy a látogatókat személyre szabott hirdetésekkel juttassák el a korábban meglátogatott oldalak alapján, és elemezzék a hirdetési kampány hatékonyságát."
"A cookie-k és a hirdetési technológiák, mint például adatgyűjtő jelek, pixelek …",What are cookies and advertising technologies used for on the site?,"Cookies and advertising technologies, such as tracking signals, pixels, and anonymous ad-network-related tags, help display relevant ads much more effectively. Based on these, individual ads and discounts may also be shown."
"A cookie-k és a hirdetési technológiák, mint például adatgyűjtő jelek, pixelek …",Mire használják a cookie-kat és a hirdetési technológiákat az oldalon?,"A cookie-k és a hirdetési technológiák, mint például adatgyűjtő jelek, pixelek és névtelen, hirdetési hálózathoz kapcsolódó címkék segítenek a releváns hirdetések hatékonyabb megjelenítésében. Ezek alapján akár egyedi hirdetések és kedvezmények is megjelenhetnek."
"Az internetböngészők lehetőséget adnak arra, hogy a felhasználók beállítsák …",What are cookies used for on the website?,"They are mainly used to learn more about how users use the website and to perform analyses based on that. They also provide convenience features, for example remembering language settings, and they allow specific content such as videos to be displayed."
"Az internetböngészők lehetőséget adnak arra, hogy a felhasználók beállítsák …",Mire használják a cookie-kat a weboldalon?,"Leginkább arra használják őket, hogy többet megtudjanak arról, hogyan használja a felhasználó a weboldalt, és ez alapján elemzéseket végezzenek. Emellett kényelmi funkciókat is szolgálnak, օրինակ megjegyzik a nyelvi beállításokat, és lehetővé teszik specifikus tartalom, például videók megjelenítését."
"A Google Analytics cookie-k a weboldal teljesítményét mérik, amelyek elemzésével …",What are Google Analytics conversion and remarketing cookies used for?,"Google Analytics conversion and remarketing cookies measure the effectiveness of campaigns, and they are necessary so that we can display more relevant ads to site visitors."
"A Google Analytics cookie-k a weboldal teljesítményét mérik, amelyek elemzésével …",Mire szolgálnak a Google Analytics conversion és remarketing sütik?,"A Google Analytics conversion és remarketing sütik a kampányok hatékonyságát mérik, és azért szükségesek, hogy az oldal látogatói számára még relevánsabb hirdetéseket jelentessünk meg."
"A Google Analytics cookie-k a weboldal teljesítményét mérik, amelyek elemzésével …",What are Google Analytics cookies used for on the website?,"Google Analytics cookies measure the website’s performance, and by analyzing them, the website can be made more transparent and user-friendly. These cookies do not store personal information; the data is handled anonymously."
"A Google Analytics cookie-k a weboldal teljesítményét mérik, amelyek elemzésével …",Mire használják a Google Analytics cookie-kat a weboldalon?,"A Google Analytics cookie-k a weboldal teljesítményét mérik, és az elemzésük segítségével a weboldal átláthatóbbá, felhasználóbarátabbá tehető. Ezek a sütik nem tárolnak személyes információkat, az adatokat név nélkül kezelik."
Böngésző beállítása: Lásd a böngésző feltételeit.,What are persistent cookies?,"Persistent cookies are used to remember your settings on the website, and they remain on your desktop or mobile device even if you close the browser or restart the computer."
Böngésző beállítása: Lásd a böngésző feltételeit.,Mik azok az állandó cookie-k?,"Az állandó cookie-k a weblapon belüli beállításainak a megjegyzésére szolgálnak, és akkor is az asztali gépen vagy a mobileszközön maradnak, ha bezárja a böngészőt, vagy újra indítja a számítógépet."
Böngésző beállítása: Lásd a böngésző feltételeit.,What are session cookies?,"Session cookies are temporary cookies that only remember your activity while you are on the website, and they expire when you close the web browser."
Böngésző beállítása: Lásd a böngésző feltételeit.,Mik azok a munkamenetre szóló cookie-k?,"A munkamenetre szóló cookie-k ideiglenes cookie-k, amelyek csak addig jegyzik meg az ön tevékenységét, amíg a webhelyen tartózkodik, és a webböngésző bezárásakor lejárnak."
"Az így begyűjtött adatok anonimak, és nem alkalmasak a Felhasználó személyének …","What are the _ga and _gid cookies used for, and how long do they last?",The _ga cookie is used to distinguish the User from other Users and lasts 2 years. The _gid cookie is also used to distinguish the User from other Users and lasts 1 day.
"Az így begyűjtött adatok anonimak, és nem alkalmasak a Felhasználó személyének …","Mire használják az _ga és _gid sütiket, és mennyi ideig maradnak meg?","Az _ga süti a Felhasználó más Felhasználóktól való megkülönböztetésére szolgál, és 2 évig él. Az _gid süti szintén a Felhasználó más Felhasználóktól való megkülönböztetésére szolgál, és 1 napig él."
Jelen Általános Szerződési Feltételek hatályba lépésének ideje: 2022.07.01.,What are the customer service phone number and email address?,"Phone number: +36 30 635 7497, email address: info@ugri.hu."
Jelen Általános Szerződési Feltételek hatályba lépésének ideje: 2022.07.01.,Mi az ügyfélszolgálat telefonszáma és e-mail címe?,"Telefonszám: +36 30 635 7497, e-mail cím: info@ugri.hu."
"A Gowinday Kft. olyan műszaki, szervezési és szervezeti intézkedésekkel …",What are the essential session cookies used for?,"These cookies are intended to ensure that visitors can browse the website smoothly and without interruption, and use its functions and available services."
"A Gowinday Kft. olyan műszaki, szervezési és szervezeti intézkedésekkel …","Mire szolgálnak a feltétlenül szükséges, munkamenet (session) cookie-k?","Ezeknek a sütiknek az a célja, hogy a látogatók maradéktalanul és zökkenőmentesen böngészhessék a weboldalt, használhassák annak funkcióit, és az ott elérhető szolgáltatásokat."
Az weboldalán alkalmazza a Google Analytics mint harmadik fél sütijeit is. A …,"What are the Google Analytics cookies used for, and how long do they remain in the browser?","They use Google Analytics for statistical purposes to collect information about how visitors use the website, and they use this data to improve the website and the user experience. The cookies remain on the visitor’s computer or other device and in the browser until they expire, or until the visitor deletes them."
Az weboldalán alkalmazza a Google Analytics mint harmadik fél sütijeit is. A …,"Mire használják a Google Analytics sütiket, és meddig maradnak a böngészőben?","A Google Analytics statisztikai célú szolgáltatását használják arra, hogy információkat gyűjtsenek arról, a látogatók hogyan használják a weboldalt, és ezeket az adatokat a honlap fejlesztésére és a felhasználói élmény javítására használják fel. A sütik a lejáratukig maradnak a látogató számítógépén vagy más eszközén, illetve a böngészőjében, vagy amíg a látogató nem törli őket."
Fax száma: (1)‐474‐7921 Elnök: dr. Csanádi Károly E‐mail cím …,What are the provided email address and fax number for dispute-related matters?,"The provided email address is pmbekelteto@pmkik.hu, and the fax number is (1)-474-7921."
Fax száma: (1)‐474‐7921 Elnök: dr. Csanádi Károly E‐mail cím …,Mi a megadott e-mail cím és faxszám a vitarendezéssel kapcsolatos ügyekhez?,"A megadott e-mail cím: pmbekelteto@pmkik.hu, a faxszám: (1)‐474‐7921."
Kölcsönzés feltételei,What are the rental conditions in this section?,"The provided text only contains the title “Rental conditions” and the word “Gallery,” but does not give any further details about the conditions."
Kölcsönzés feltételei,Mik a kölcsönzés feltételei ebben a szakaszban?,"A megadott szöveg csak a „Kölcsönzés feltételei” címet és a „Galéria” szót tartalmazza, de nem ad meg további részleteket a feltételekről."
Kölcsönzés feltételei,What are the rental conditions?,"The provided section only contains the title “Rental conditions,” without specific conditions."
Kölcsönzés feltételei,Mik a kölcsönzés feltételei a bérléshez?,"A megadott szakasz csak a „Kölcsönzés feltételei” címet tartalmazza, konkrét feltételek nélkül."
"Kívánt bérlés paraméterei (Bérlés időtartama, bérlés ideje, helyszín, egyéb …","What are the requested rental parameters, such as the rental duration, time, location, and other details used for?",Providing the requested rental parameters is necessary to prepare the contract conclusion.
"Kívánt bérlés paraméterei (Bérlés időtartama, bérlés ideje, helyszín, egyéb …","Mire szolgálnak a kívánt bérlés paraméterei, például a bérlés időtartama, ideje, helyszíne és egyéb adatok?",A kívánt bérlés paramétereinek megadása a szerződéskötés előkészítéséhez szükséges.
Az online foglaláshoz kapcsolódó adatkezelésA Felhasználó a Weboldalon keresztül …,What can the contact via the website or the provided contact details be used for?,The User can contact the Service Provider via the Website or the provided contact details for the purpose of preparing a bouncy castle rental.
Az online foglaláshoz kapcsolódó adatkezelésA Felhasználó a Weboldalon keresztül …,Mire használható a weboldalon vagy a megadott elérhetőségeken keresztül történő kapcsolatfelvétel?,A Felhasználó a Weboldalon keresztül vagy a megadott elérhetőségeken kapcsolatba léphet a Szolgáltatóval ugrálóvár bérlésének előkészítése céljából.
"Bérlő – választása szerint – kérhet kijavítást vagy kicserélést, kivéve, ha az …","What can the Renter do if the product is defective, and when can they request repair or replacement?","At the Renter’s choice, they may request repair or replacement, unless fulfilling the remedy chosen by the Renter is impossible or would cause disproportionate additional costs for the Lessor compared with fulfilling another remedy. If the Renter did not request, or could not request, repair or replacement, they may ask for a proportionate reduction of the consideration, repair the defect themselves at the Lessor’s expense or have it repaired by someone else, or—as a last resort—withdraw from the contract."
"Bérlő – választása szerint – kérhet kijavítást vagy kicserélést, kivéve, ha az …","Mit tehet a Bérlő, ha a termék hibás, és mikor kérhet kicserélést vagy kijavítást?","A Bérlő választása szerint kérhet kijavítást vagy kicserélést, kivéve, ha az általa választott igény teljesítése lehetetlen, vagy a Bérbeadó számára más igény teljesítéséhez képest aránytalan többletköltséggel járna. Ha a kijavítást vagy a kicserélést a Bérlő nem kérte, illetve nem kérhette, akkor kérheti az ellenszolgáltatás arányos leszállítását, a hibát a Bérbeadó költségére maga is kijavíthatja vagy mással kijavíttathatja, végső esetben pedig elállhat a szerződéstől."
"Bérlő a Bérbeadó hibás teljesítése esetén (hibás a teljesítés különösen, ha a …",What claim can the Renter assert if the Lessor performs defectively?,"The Renter may assert a warranty claim against the Lessor if performance is defective, especially if the Product has any quality or quantity defect."
"Bérlő a Bérbeadó hibás teljesítése esetén (hibás a teljesítés különösen, ha a …","Milyen igényt érvényesíthet a Bérlő, ha a Bérbeadó hibásan teljesít?","A Bérlő a Bérbeadóval szemben kellékszavatossági igényt érvényesíthet, ha a teljesítés hibás, különösen ha a Termék valamilyen minőségi vagy mennyiségi hibában szenved."
A szerződés teljesítésétől számított hat hónapon belül a kellékszavatossági …,What conditions apply to enforcing a warranty claim within six months from the performance of the contract?,"Besides reporting the defect, there is no other condition if you prove that you bought the product from the Lessor, for example by presenting the invoice or a copy of the invoice."
A szerződés teljesítésétől számított hat hónapon belül a kellékszavatossági …,Milyen feltétellel érvényesíthetem a kellékszavatossági igényemet a szerződés teljesítésétől számított hat hónapon belül?,"A hiba közlésén túl nincs egyéb feltétel, ha igazolod, hogy a terméket a Bérbeadótól vásároltad, például a számla vagy a számla másolatának bemutatásával."
"Bérlő a szerződés alanya: A szerződés alanya, Bérlő belföldi természetes …",What conditions must be met to rent?,"The Tenant must be a citizen over 18 years of age with a registered address in Hungary, and at the start of the rental must have an ID card, driving licence, or passport valid at least until the end of the rental."
"Bérlő a szerződés alanya: A szerződés alanya, Bérlő belföldi természetes …",Milyen feltételeknek kell megfelelni a bérléshez?,"A Bérlőnek 18 év feletti, magyarországi bejelentett lakcímmel rendelkező állampolgárnak kell lennie, és a bérlés kezdetekor rendelkeznie kell a bérlés végéig érvényes személyi igazolvánnyal, jogosítvánnyal vagy útlevéllel."
"A kiszállítás jellemzően 08:00 és 11:00 óra között, az elszállítás 18:00 és …",What conditions must the renter provide at the installation site?,"The renter must provide a flat, level surface, free space suitable for the size of the bouncy castle, and a 220 V / 10 A power source per bouncy castle, within a maximum distance of 20 meters."
"A kiszállítás jellemzően 08:00 és 11:00 óra között, az elszállítás 18:00 és …",Milyen feltételeket kell biztosítania a Bérlőnek a telepítés helyszínén?,"A Bérlő köteles biztosítani sík, vízszintes felületet, a légvár méretének megfelelő szabad területet, valamint 220 V / 10 A elektromos áramforrást légváronként, legfeljebb 20 méteres távolságon belül."
"Adatbeviteli hibának minősül például egy rosszul megadott mennyiség, rossz …",What counts as a data entry error during ordering?,"Examples of data entry errors include an incorrectly specified quantity, placing the wrong product in the cart, or misspelling order details, etc."
"Adatbeviteli hibának minősül például egy rosszul megadott mennyiség, rossz …",Mi minősül adatbeviteli hibának a rendelés során?,"Adatbeviteli hibának minősül például egy rosszul megadott mennyiség, rossz termék elhelyezése a kosárban, rendelési adatok elírása stb."
"A Honlapon feltüntetett árak a rendelés időpontjában érvényes árak, amelyeket a …",What counts as an obviously incorrect displayed price?,"An obviously incorrect displayed price includes, in particular, a 0 Ft price, as well as a discounted price where the discount is stated incorrectly, for example offering a 1000 Ft product or service for 500 Ft while indicating a 20% discount."
"A Honlapon feltüntetett árak a rendelés időpontjában érvényes árak, amelyeket a …",Mi minősül nyilvánvalóan hibásan feltüntetett árnak?,"Nyilvánvalóan hibásan feltüntetett árnak minősül különösen például a 0 Ft-os ár, valamint a kedvezménnyel csökkentett, de a kedvezményt tévesen feltüntető ár, például amikor egy 1000 Ft-os terméket vagy szolgáltatást a 20%-os kedvezmény feltüntetése mellett 500 Ft-ért kínálnak."
"A Szolgáltató megfelelő biztonsági intézkedésekkel gondoskodik arról, hogy a …",What data can Google Analytics log about the User?,"During its operation, Google Analytics logs, among other things, which website the User came from, what computer operating system the User uses, how much time the User spends on individual pages of the Website, and what monitor resolution and color depth the User uses."
"A Szolgáltató megfelelő biztonsági intézkedésekkel gondoskodik arról, hogy a …",Milyen adatokat naplózhat a Google Analytics a Felhasználóról?,"A Google Analytics működése során többek között naplózza, hogy melyik weboldalról érkezik a Felhasználó, milyen számítógépes operációs rendszert használ, mennyi időt tölt a Weboldal egyes oldalain belül, és milyen monitor felbontást, színmélységet használ."
A kezelt adatok köre és az adatkezelés céljaNév: a Felhasználó neve a velevaló …,"What data do they process, and what are my name, email address, and phone number used for?","The processed data include name, email address, and phone number. The name is needed to contact the User, the email address is needed for communication between the User and the Service Provider, and the phone number—if provided by the User—can make coordination faster and more convenient."
A kezelt adatok köre és az adatkezelés céljaNév: a Felhasználó neve a velevaló …,"Milyen adatokat kezelnek, és mire használják a nevemet, e-mail címemet és telefonszámomat?","A kezelt adatok köre: név, e-mail cím és telefonszám. A név a Felhasználóval való kapcsolatfelvételhez szükséges, az e-mail cím a Felhasználó és a Szolgáltató közötti kapcsolattartáshoz szükséges, a telefonszám pedig – ha a Felhasználó megadja – gyorsabbá és kényelmesebbé teheti az egyeztetést."
Az weboldalán alkalmazza a Google Analytics mint harmadik fél sütijeit is. A …,What data do they request for online orders and online administration?,"For online orders and online administration, they process the following data: name, address, phone number, and e-mail address."
Az weboldalán alkalmazza a Google Analytics mint harmadik fél sütijeit is. A …,Milyen adatokat kérnek online rendeléshez és online ügyintézéshez?,"Online rendeléshez és online ügyintézéshez az alábbi adatokat kezelik: név, cím, telefonszám, e-mail cím."
Az weboldalán alkalmazza a Google Analytics mint harmadik fél sütijeit is. A …,"What data is requested for the newsletter, and how can you unsubscribe?","For the newsletter, they ask for your name, phone number, and e-mail address. You can unsubscribe in the sent newsletters, or you can also request unsubscribe and deletion of your data from their records by sending an e-mail to csocsokiraly@csocsokiraly.hu."
Az weboldalán alkalmazza a Google Analytics mint harmadik fél sütijeit is. A …,"Milyen adatokat kérnek a hírlevélhez, és hogyan lehet leiratkozni?","A hírlevélhez név, telefonszám és e-mail cím szükséges. A kiküldött hírlevelekben leiratkozhat a hírlevélről, illetve a csocsokiraly@csocsokiraly.hu e-mail címre küldött levelében is kérheti a leiratkozást és azt, hogy töröljék az adatait a nyilvántartásból."
A Gowinday Kft. a személyes adatok kezeléséhez a szolgáltatás nyújtása során …,What data security principles does Gowinday Kft. apply when handling personal data?,"Gowinday Kft. selects and operates its IT tools so that the processed data is accessible to authorized persons, its authenticity and authentication are ensured, its integrity can be verified, and it is protected against unauthorized access."
A Gowinday Kft. a személyes adatok kezeléséhez a szolgáltatás nyújtása során …,Milyen adatbiztonsági elveket alkalmaz a Gowinday Kft. a személyes adatok kezelése során?,"A Gowinday Kft. úgy választja meg és üzemelteti az informatikai eszközöket, hogy a kezelt adat rendelkezésre álljon az arra feljogosítottak számára, biztosított legyen az adatkezelés hitelessége és hitelesítése, igazolható legyen az adatintegritás, valamint az adat védett legyen a jogosulatlan hozzáféréssel szemben."
Az adatokhoz való hozzáférés és adatbiztonsági intézkedésekA kezelt személyes …,What data-security obligation applies to the Service Provider’s employees?,The Service Provider requires all of its employees to observe strict confidentiality.
Az adatokhoz való hozzáférés és adatbiztonsági intézkedésekA kezelt személyes …,Milyen adatbiztonsági kötelezettség vonatkozik a Szolgáltató munkatársaira?,A Szolgáltató minden munkatársát szigorú titoktartásra kötelezi.
A közöttünk létrejövő szerződés tartalmát – a vonatkozó kötelező érvényű …,What determines the content of the contract between us?,"The content of the contract between us is determined, in addition to the relevant mandatory legal provisions, by these General Terms and Conditions (GTC), as well as the additional information available on the website."
A közöttünk létrejövő szerződés tartalmát – a vonatkozó kötelező érvényű …,Mi határozza meg a közöttünk létrejövő szerződés tartalmát?,"A közöttünk létrejövő szerződés tartalmát a vonatkozó kötelező érvényű jogszabályok rendelkezései mellett a jelen Általános Szerződési Feltételek (ÁSZF), valamint a honlapon található további tájékoztatások határozzák meg."
"JAVÍTÁS, SZERVIZ",What did customers say about the service and setup/removal?,"Several reviews highlight fast, fair, and precise work, as well as a flexible and helpful attitude. One review says that both setup and packing went smoothly."
"JAVÍTÁS, SZERVIZ",Mit mondtak az ügyfelek a szolgáltatásról és a kiszállításról?,"Több visszajelzés is kiemeli a gyors, korrekt és precíz munkát, valamint a rugalmas, segítőkész hozzáállást. Egy visszajelzés szerint a kitelepítés és a pakolás is zökkenőmentesen zajlott."
Bérleti szerződés minta,What do I see in this excerpt of the rental agreement or terms?,"This excerpt does not contain rental terms, fees, times, or other specific contract information. It only shows items such as: “Bérleti szerződés minta”, “Facebook”, “ADATKEZELÉSI TÁJÉKOZTATÓ”, “Scroll to top”, and the cookie notice: “A weboldalon sütiket használunk.”"
Bérleti szerződés minta,Mit látok ebben a részletben a bérleti szerződésből vagy a feltételekből?,"Ebben a részletben nem szerepelnek bérleti feltételek, díjak, időpontok vagy egyéb konkrét szerződéses információk. Csak olyan elemek látszanak, mint: „Bérleti szerződés minta”, „Facebook”, „ADATKEZELÉSI TÁJÉKOZTATÓ”, „Scroll to top”, valamint a sütihasználatról szóló üzenet: „A weboldalon sütiket használunk.”"
Jelen Általános Szerződési Feltételek a Szolgáltató által nyújtott ugrálóvár és …,What do these General Terms and Conditions apply to?,These General Terms and Conditions apply to the bouncy castle and inflatable castle rental service provided by the Service Provider.
Jelen Általános Szerződési Feltételek a Szolgáltató által nyújtott ugrálóvár és …,Mire vonatkoznak ezek az Általános Szerződési Feltételek?,Az Általános Szerződési Feltételek a Szolgáltató által nyújtott ugrálóvár és légvár bérlési szolgáltatásra vonatkoznak.
"A bérleti szerződést aláírjuk, melyhez szükséges személyi igazolvány és …",What do we sign in addition to the rental contract?,We also sign the “TÜV Operating Log.”
"A bérleti szerződést aláírjuk, melyhez szükséges személyi igazolvány és …",Mit írunk alá a bérleti szerződés mellett?,A „TÜV Üzemeltetési Napló”-t is aláírjuk.
"a fogyasztó nyilatkozatát arra nézve, hogy az ügyben más békéltető testület …",What document must also be attached as evidence?,"The application must include the document, or a copy/extract of it, whose contents the consumer cites as evidence, especially the business’s written statement rejecting the complaint, or if that is not available, any other written evidence available to the consumer of the required attempt at conciliation."
"a fogyasztó nyilatkozatát arra nézve, hogy az ügyben más békéltető testület …",Milyen iratot kell még mellékelni a kérelemhez bizonyítékként?,"A kérelemhez csatolni kell azt az okiratot, illetve annak másolatát vagy kivonatát, რომლის tartalmára a fogyasztó bizonyítékként hivatkozik, különösen a vállalkozás írásbeli nyilatkozatát a panasz elutasításáról, ennek hiányában a fogyasztó rendelkezésére álló egyéb írásos bizonyítékot az előírt egyeztetés megkísérléséről."
bérleti szerződés aláírása (személyi igazolvány és lakcímkártya),What documents are needed to sign the rental agreement?,"To sign the rental agreement, an ID card and a address card are required."
bérleti szerződés aláírása (személyi igazolvány és lakcímkártya),Milyen okmányokra van szükség a bérleti szerződés aláírásához?,A bérleti szerződés aláírásához személyi igazolványra és lakcímkártyára van szükség.
"A bérleti szerződést aláírjuk, melyhez szükséges személyi igazolvány és …",What documents are needed to sign the rental contract?,An ID card and address card are required to sign the rental contract.
Bérbeadó jogosult Bérlőnek a Szállítólevélen szereplő azonosító adatainak és …,"What documents may the Lessor request from the Lessee, and what does the Lessee consent to by signing the Delivery Note?","The Lessor is entitled to inspect the official documents that credibly prove the identification data and other contact details shown on the Delivery Note, and to record the data shown on them. By signing the Delivery Note, the Lessee gives consent to this."
Bérbeadó jogosult Bérlőnek a Szállítólevélen szereplő azonosító adatainak és …,"Milyen iratokat kérhet el a Bérbeadó a Bérlőtől, és mire ad ehhez hozzájárulást a Bérlő a Szállítólevél aláírásával?","A Bérbeadó jogosult megtekinteni a Szállítólevélen szereplő azonosító adatokat és az egyéb elérhetőséget hitelt érdemlően bizonyító hivatalos iratokat, valamint rögzíteni az ezeken szereplő adatokat. A Bérlő a Szállítólevél aláírásával ehhez hozzájárulását adja."
Foglalás kérése,What does accepting cookies mean?,"By using the site, you accept the use of cookies; the available options shown are ""Elfogadom"" and ""Nem fogadom el""."
Foglalás kérése,"Mit jelent az, hogy elfogadom a sütiket?","Az oldal használatával elfogadod a sütik használatát; a megjelenő lehetőségek között az ""Elfogadom"" és a ""Nem fogadom el"" szerepel."
A helyeket nem tudjuk ellenőrizni és nem vállalunk felelősséget a valótlan vagy …,"What does automated decision-making in individual cases, including profiling, refer to, and which related rights are mentioned in the text?","The text lists the data-protection rights mentioned: the right to object, automated decision-making in individual cases including profiling, the right to withdraw consent, the right to go to court, and the right to initiate a data protection authority procedure."
A helyeket nem tudjuk ellenőrizni és nem vállalunk felelősséget a valótlan vagy …,"Mit jelent az automatizált döntéshozatal egyedi ügyekben, beleértve a profilalkotást, és ehhez kapcsolódóan milyen jogokról esik szó a szövegben?","A szöveg felsorolja az adatkezeléssel kapcsolatos jogokat: tiltakozás joga, automatizált döntéshozatal egyedi ügyekben, beleértve a profilalkotást, visszavonás joga, bírósághoz fordulás joga, valamint adatvédelmi hatósági eljárás."
A Bérleti szerződés jelen mellékletét a felek átolvasták és mint akaratukkal …,What does it mean that the parties read and signed the appendix with approval?,"It means that the parties read this appendix to the rental agreement and signed it, approving it as fully consistent with their will."
A Bérleti szerződés jelen mellékletét a felek átolvasták és mint akaratukkal …,"Mit jelent, hogy a felek a mellékletet átolvasták és jóváhagyólag írták alá?","Azt jelenti, hogy a felek a Bérleti szerződés jelen mellékletét elolvasták, és azt akaratukkal mindenben egyezőnek tartva jóváhagyták és aláírták."
KÖZÖS ÜZEMELTETÉS,"What does joint operation mean under the contract, and what can the Lessor do in that case?","In the case of joint operation, the Lessor may remove the Contracting Party from the contract and may refuse to continue any rental relationship with them."
KÖZÖS ÜZEMELTETÉS,"Mit jelent a közös üzemeltetés a szerződés szerint, és mit tehet ilyenkor a Bérbeadó?",Közös üzemeltetés esetén a Bérbeadó eltávolíthatja a Szerződőt a szerződésből és a továbbiakban megtagadhatja vele a bérleti kapcsolatot. Közös üzemeltetés esetén a Bérbeadó eltávolíthatja a Szerződőt a szerződésből és a továbbiakban megtagadhatja vele a bérleti kapcsolatot.
Utolsó módosítás: 2018. október 1.,What does “last modified: 1 October 2018” mean?,"According to the text, the last modification date is 1 October 2018."
Utolsó módosítás: 2018. október 1.,"Mit jelent az, hogy utolsó módosítás: 2018. október 1.?",A szöveg szerint az utolsó módosítás dátuma: 2018. október 1.
"A Gowinday Kft. olyan műszaki, szervezési és szervezeti intézkedésekkel …",What does personalized service mean based on cookies?,"A small data package, or cookie, is placed on the user’s computer and read back during later visits. If the browser sends back a previously saved cookie, the service provider can link the current visit with earlier ones, but only in relation to its own content."
"A Gowinday Kft. olyan műszaki, szervezési és szervezeti intézkedésekkel …",Mit jelent a testre szabott kiszolgálás a sütik alapján?,"A felhasználó számítógépén kis adatcsomag, azaz süti kerül elhelyezésre, amelyet a későbbi látogatás során a rendszer visszaolvas. Ha a böngésző visszaküld egy korábban elmentett sütit, a szolgáltató össze tudja kapcsolni az aktuális látogatást a korábbiakkal, de kizárólag a saját tartalma tekintetében."
"Ha az adatkezelés korlátozás alá esik, a személyes adatokat a tárolás …",What does section 8.6 refer to?,Section 8.6 is titled: Right to data portability.
"Ha az adatkezelés korlátozás alá esik, a személyes adatokat a tárolás …",Mire vonatkozik a 8.6-os pont?,A 8.6-os pont címe: Adathordozáshoz való jog.
"A Szolgáltató ugrálóvárak és légvárak bérbeadását végzi, amely magában foglalja …",What does the bouncy castle/inflatable rental service include?,"The rental includes delivery of the equipment, professional installation, commissioning, and removal."
"A Szolgáltató ugrálóvárak és légvárak bérbeadását végzi, amely magában foglalja …",Mit tartalmaz az ugrálóvár/légvár bérbeadási szolgáltatás?,"A bérbeadás magában foglalja az eszköz kiszállítását, szakszerű telepítését, üzembe helyezését és elszállítását."
Amennyiben a vállalkozás székhelye vagy telephelye nem a területileg illetékes …,What does the company's duty to cooperate cover if its registered office or site is not registered in the county of the chamber operating the competent conciliation body?,"In this case, the company's duty to cooperate extends to offering the possibility of a written settlement in line with the consumer's request."
Amennyiben a vállalkozás székhelye vagy telephelye nem a területileg illetékes …,"Mire terjed ki a vállalkozás együttműködési kötelezettsége, ha a székhelye vagy telephelye nem a területileg illetékes békéltető testületet működtető kamara szerinti megyében van bejegyezve?",Ebben az esetben a vállalkozás együttműködési kötelezettsége a fogyasztó igényének megfelelő írásbeli egyezségkötés lehetőségének felajánlására terjed ki.
"Szerződés, feltételek, szabályzat - Légvár24",What does the contract and policy section on the Légvár24 site include?,"The provided text only lists menu items: “Contract, terms, rules - Légvár24,” as well as Home, About, Bouncy castle rental and prices, Blog, and Contact. No concrete contractual terms, fees, or rules are included."
"Szerződés, feltételek, szabályzat - Légvár24",Mit tartalmaz a szerződés és a szabályzat a Légvár24 oldalán?,"A megadott szöveg csak a menüpontokat sorolja fel: „Szerződés, feltételek, szabályzat - Légvár24”, valamint a főoldal, bemutatkozás, légvár bérlés és árak, blog, kapcsolat menüpontokat. Konkrét szerződési feltételek, díjak vagy szabályok nem szerepelnek benne."
Jelen Általános Szerződési Feltételek a Szolgáltató által nyújtott ugrálóvár és …,What does the customer declare when ordering the service?,"By ordering the service, the customer declares that they have read and accepted the Terms and Conditions."
Jelen Általános Szerződési Feltételek a Szolgáltató által nyújtott ugrálóvár és …,Mit nyilatkozik a megrendelő a szolgáltatás megrendelésével?,"A megrendelő a szolgáltatás megrendelésével kijelenti, hogy az ÁSZF-et megismerte és elfogadja."
Az ugrálóvárak felállítása és üzemeltetési szabályok,What does the day of the chosen bouncy castle rental refer to?,It refers to the day of the chosen bouncy castle rental.
Az ugrálóvárak felállítása és üzemeltetési szabályok,Mikorra vonatkozik a választott légvár bérlése napja?,A választott légvár bérlése napján.
Az átvétel és visszaszállítás időpontjait,What does the order confirmation include?,"The lessor confirms the order by email, and the rental quotation is included in it."
Az átvétel és visszaszállítás időpontjait,Mit tartalmaz a megrendelés visszaigazolása?,"A bérbeadó e-mailben igazolja vissza a megrendelést, és ebben a bérletre vonatkozó árajánlat is szerepel."
"Jelen szerződés alapján a Bérbeadó, a bérbe vevő számára, (továbbiakban: Bérlő) …",What does the Renter acknowledge by signing the delivery note?,"The Renter acknowledges that they received the listed equipment and accessories in working order, clean and complete, and they assume financial responsibility for the items received."
"Jelen szerződés alapján a Bérbeadó, a bérbe vevő számára, (továbbiakban: Bérlő) …",Mit igazol a Bérlő a Szállítólevél aláírásával?,"A Bérlő elismeri, hogy a megnevezett eszközöket és tartozékokat működőképesen, tisztán és hiánytalanul átvette, valamint az átvett eszközökért anyagi felelősséget vállal."
"A Szállítólevél aláírásával Bérlő igazolja, hogy sérülésektől mentes, működő …",What does the Renter certify by signing the Delivery Note?,"They certify that they have received an undamaged, functioning device."
A Bérlő a Bérleti Szerződés aláírásával igazolja az abban megadott adatok …,What does the Renter confirm by signing the Rental Agreement?,"By signing the Rental Agreement, the Renter confirms the correctness and accuracy of the data provided in it and accepts the contents stated in it."
A Bérlő a Bérleti Szerződés aláírásával igazolja az abban megadott adatok …,Mit igazol a Bérlő a Bérleti Szerződés aláírásával?,"A Bérlő a Bérleti Szerződés aláírásával igazolja az abban megadott adatok helyességét, pontosságát, és elfogadja az azokban foglaltakat."
A Honlapon a kiválasztott légvárra kattintva ki kell választani a bérlet napját …,What does the Renter need to do during the order process to make a selection?,The Renter needs to click in the empty white squares to make the selection.
A Honlapon a kiválasztott légvárra kattintva ki kell választani a bérlet napját …,Mit kell tennie a Bérlőnek a rendelés során a kiválasztáshoz?,A Bérlőnek az üres fehér négyzetekbe kell kattintani a kiválasztáshoz.
"Jelen szerződés alapján a Bérbeadó, a bérbe vevő számára, (továbbiakban: Bérlő) …",What does the Renter state about the General Terms and Conditions and the use of the equipment?,"The Renter states that they have read and accept the General Terms and Conditions, are familiar with how the equipment works and how to handle it, and have watched the instructional video."
"Jelen szerződés alapján a Bérbeadó, a bérbe vevő számára, (továbbiakban: Bérlő) …",Mit nyilatkozik a Bérlő az Általános Szerződéses Feltételekről és az eszköz használatáról?,"A Bérlő kijelenti, hogy elolvasta és magára nézve elfogadja az Általános Szerződéses Feltételeket, tisztában van az eszköz működésével és kezelésével, és az oktató videót megismerte."
"JAVÍTÁS, SZERVIZ","What does the repair and service offer include, and can I request parts as well?","According to the text, the topics include repair and service, amusement machines for sale, parts, services, events, and long-term rental, but no specific details are provided."
"JAVÍTÁS, SZERVIZ","Mit tartalmaz a szerviz és javítás szolgáltatás, és kérhetek alkatrészt is?","A szöveg szerint a javítás, szerviz, eladó játékgépek, alkatrészek, szolgáltatások, rendezvény és tartós bérlet témakörök tartoznak ide, de konkrét részletek nem szerepelnek."
"Ha az ÁSZF valamely pontja jogilag hiányos vagy hatálytalan, attól még a …","What does the section titled ""Operation of digital content, technical protective measures"" contain?","In the provided text, only the title appears; no detailed content is visible."
"Ha az ÁSZF valamely pontja jogilag hiányos vagy hatálytalan, attól még a …","Mit tartalmaz a „A digitális adattartalom működése, műszaki védelmi intézkedések” rész?","A megadott szövegben csak a cím szerepel, részletes tartalom nem látható."
"A bérleti idő a Bérleti szerződésben meghatározott időpontig áll fenn, amely …","What does the stated daily rental fee cover, and when must the equipment be returned?","The stated daily rental fee covers the period from 8:00 to 20:00, and the equipment must be returned at a pre-arranged time on the day the rental period ends."
"A bérleti idő a Bérleti szerződésben meghatározott időpontig áll fenn, amely …","Mire szól a megállapított napi bérleti díj, és mikor kell visszaszállítani az eszközöket?","A megállapított napi bérleti díj 8:00-20:00 órás időtartamra szól, és a bérleti idő lejárta napján előre egyeztetett időpontban kell visszaszállítani az eszközöket."
Az eszközöket tartalmazó tételes szállítólevél aláírásával Bérlő elismeri a …,What does the Tenant acknowledge by signing the itemized delivery note?,The Tenant acknowledges receiving the equipment listed and that it was in working condition at the time of handover.
Az eszközöket tartalmazó tételes szállítólevél aláírásával Bérlő elismeri a …,Mit ismer el a Bérlő a tételes szállítólevél aláírásával?,"Azt ismeri el, hogy a listán szereplő eszközöket átvette, és azok működőképes állapotban voltak az átvételkor."
"Az így begyűjtött adatok anonimak, és nem alkalmasak a Felhasználó személyének …",What does the text say about cookies and disabling them?,"For technical reasons and to make the service as satisfactory as possible, the Service Provider stores cookies on the User's computer. These are generally deleted automatically after visiting the Website, but for technical reasons some cookies may be stored longer. The User can disable cookie storage at any time on the device used to browse the Website, but in that case some Website functions may not work, or may only work partially."
"Az így begyűjtött adatok anonimak, és nem alkalmasak a Felhasználó személyének …",Mit ír a szöveg a sütikről és azok letiltásáról?,"A Szolgáltató technikai okokból, valamint a szolgáltatás lehető legkielégítőbbé tétele érdekében sütiket tárol a Felhasználó számítógépén. Ezek általában a Weboldal meglátogatása után automatikusan törlődnek, de technikai okokból néhány süti hosszabb ideig is tárolódhat. A sütik tárolását a Felhasználó bármikor letilthatja a Weboldal böngészésére használt eszközön, de ebben az esetben lehetséges, hogy a Weboldal bizonyos funkciói nem, vagy csak részben fognak működni."
"A Szolgáltató ugrálóvárak és légvárak bérbeadását végzi, amely magában foglalja …",What does the text say about the ordering process?,The provided excerpt only contains the heading “Ordering process”; no further details are included.
"A Szolgáltató ugrálóvárak és légvárak bérbeadását végzi, amely magában foglalja …",Mi történik a megrendeléssel kapcsolatosan a szöveg szerint?,"A megadott rész csak a „Megrendelés menete” fejezet címét tartalmazza, további részletek nem szerepelnek benne."
"A cookie-k és a hirdetési technológiák, mint például adatgyűjtő jelek, pixelek …",What does the Ysance DMP profiling system do?,The Ysance DMP profiling system may also place cookies in your browser to provide better ad serving based on your purchase and browsing history.
"A cookie-k és a hirdetési technológiák, mint például adatgyűjtő jelek, pixelek …",Mit csinál a profilozásra használt Ysance DMP rendszer?,"A profilozásra használt Ysance DMP rendszere is sütiket helyezhet el a böngészőjében, hogy a hirdetések jobb kiszolgálását biztosítsa vásárlói és böngészési előzmények alapján."
A közöttünk létrejövő szerződés tartalmát – a vonatkozó kötelező érvényű …,What does these GTC include?,"These GTC include your and our rights and obligations, the conditions for concluding the contract, performance deadlines, delivery and payment terms, liability rules, and the conditions for exercising the right of withdrawal."
A közöttünk létrejövő szerződés tartalmát – a vonatkozó kötelező érvényű …,Mit tartalmaz a jelen ÁSZF?,"A jelen ÁSZF az Önt és bennünket illető jogokat és kötelezettségeket, a szerződés létrejöttének feltételeit, a teljesítési határidőket, a szállítási és fizetési feltételeket, a felelősségi szabályokat, valamint az elállási jog gyakorlásának feltételeit tartalmazza."
"Jelen ÁSZF a Szolgáltató valamennyi, a Honlapon keresztül a Bérlő által …",What does these Terms and Conditions cover?,These Terms and Conditions contain the purchase conditions for all products that the Renter can rent through the Website.
"Jelen ÁSZF a Szolgáltató valamennyi, a Honlapon keresztül a Bérlő által …",Mire vonatkozik ez az ÁSZF?,"Jelen ÁSZF a Szolgáltató valamennyi, a Honlapon keresztül a Bérlő által kölcsönözhető termék vásárlási feltételeit tartalmazza."
Általános szerződési feltételek,What does this section include from the FAQ?,"In the provided excerpt, only the menu items and the heading “Frequently Asked Questions” are visible; no concrete Q&A content is included."
Általános szerződési feltételek,Mit tartalmaz az adott szakasz a gyakran ismételt kérdésekből?,"A megadott részben csak a menüpontok és a „Gyakran ismételt kérdések” cím látható, konkrét kérdés-válasz tartalom nem szerepel benne."
A foglalás vége,"What extra services can be selected, and how much do they cost?","The available extra services and their prices are: Photo booth (+75,000 HUF), Foam party (+50,000 HUF), and Kids Zumba party (+45,000 HUF)."
A foglalás vége,"Milyen extra szolgáltatások választhatók, és mennyibe kerülnek?","A megadott extra szolgáltatások és áraik: Szelfigép (+75 000 Ft), Habparty (+50 000 Ft), Gyerek Zumbaparty (+45 000 Ft)."
A fenti együttműködési kötelezettség megszegése esetén a fogyasztóvédelmi …,What fine can a non-SME with annual net revenue above HUF 100 million face?,"For such a business, the fine ranges from HUF 15,000 to 5% of annual net revenue, but no more than HUF 500 million."
A fenti együttműködési kötelezettség megszegése esetén a fogyasztóvédelmi …,"Mekkora bírságot kaphat egy nem kis- és középvállalkozás, ha 100 millió forintot meghaladó éves nettó árbevétele van?","Az ilyen vállalkozásnál a bírság 15 ezer forinttól az éves nettó árbevétel 5%-áig, de legfeljebb 500 millió forintig terjedhet."
A fenti együttműködési kötelezettség megszegése esetén a fogyasztóvédelmi …,What fine can an SME face if it breaches the duty to cooperate?,"For small and medium-sized enterprises, the fine can range from HUF 15,000 to HUF 500,000."
A fenti együttműködési kötelezettség megszegése esetén a fogyasztóvédelmi …,"Mekkora bírságra számíthat egy kis- és középvállalkozás, ha megszegi az együttműködési kötelezettséget?",Kis- és középvállalkozások esetén a bírság 15 ezer forinttól 500 ezer forintig terjedhet.
"Garlando csocsó bérlés, XXL csocsó, óriás csocsó bérlés, Darts gép bérlés, Darts …",What games and machines can be rented for events or long-term use?,"The listed rentable equipment includes foosball, XXL foosball, dart machine, dartboard, billiards, air hockey, Catch the Light, Ghost, dance machine, basketball machine, basketball backboard, hammer strength tester, soccer machine, boxing machine, arm wrestling machine, arm wrestling table, video game/retro arcade machine, table tennis/ping-pong table, teqball table, beer pong table, trampoline, pinball, rodeo bull, bouncy castle/inflatable games, jukebox, claw machine, casino games with a croupier, billiard football, and bowling."
"Garlando csocsó bérlés, XXL csocsó, óriás csocsó bérlés, Darts gép bérlés, Darts …",Milyen játékok és gépek bérelhetők rendezvényre vagy tartós bérletre?,"A felsorolt bérelhető eszközök között szerepel többek között csocsó, XXL csocsó, darts gép, darts tábla, biliárd, léghoki, Catch the Light, Ghost, táncgép, kosárlabda gép, kosárlabda palánk, kalapácsos erőmérő, foci gép, boxgép, szkander gép, szkander asztal, videojáték/retro arcade automata, asztalitenisz asztal, ping-pong, teqball asztal, sörpong/beerpong asztal, trambulin, flipper, rodeó bika, légvár/ugrálóvár/felfújható játékok, zenegép, markolós automata, casino játékok krupiéval, biliárd foci és bowling."
"GARLANDO CSOCSÓ ASZTAL ÉRMEVIZSGÁLÓ JAVÍTÁS, FELÚJÍTÁS",What games and machines does the company rent out?,"The company rents out and operates foosball, darts, billiards, and air hockey."
"GARLANDO CSOCSÓ ASZTAL ÉRMEVIZSGÁLÓ JAVÍTÁS, FELÚJÍTÁS",Milyen játékok és gépek bérbeadásával foglalkozik a cég?,"A cég csocsó, darts, biliárd és léghoki bérbeadásával, valamint üzemeltetésével foglalkozik."
A szerződés teljesítésétől számított hat hónapon belül a kellékszavatossági …,What happens after six months have passed?,"After six months from performance, the Lessee must prove that the defect already existed at the time of performance."
A szerződés teljesítésétől számított hat hónapon belül a kellékszavatossági …,Mi történik a hat hónap letelte után?,"A teljesítéstől számított hat hónap eltelte után már a Bérlő köteles bizonyítani, hogy a felismert hiba már a teljesítés időpontjában is megvolt."
Panasztétel a fogyasztóvédelmi hatóságoknál. Amennyiben a fogyasztó fogyasztói …,What happens after the consumer protection complaint has been assessed?,"After the complaint is assessed, the authority decides whether to conduct consumer protection proceedings."
Panasztétel a fogyasztóvédelmi hatóságoknál. Amennyiben a fogyasztó fogyasztói …,Mi történik a fogyasztóvédelmi panasz elbírálása után?,A panasz elbírálását követően a hatóság dönt a fogyasztóvédelmi eljárás lefolytatásáról.
"Hibás ár feltüntetése esetén Bérbeadó felajánlja, a termék valós áron történő …",What happens if an incorrect price is shown on the website?,"If an incorrect price is displayed, the Lessor offers the possibility to rent the product at the actual price. With this information, the Lessee can decide whether to order the product at the actual price or cancel the order without any adverse legal consequences."
"Hibás ár feltüntetése esetén Bérbeadó felajánlja, a termék valós áron történő …","Mi történik, ha a honlapon hibás ár jelenik meg?","Hibás ár feltüntetése esetén a Bérbeadó felajánlja a termék valós áron történő bérlésének lehetőségét. Ezzel az információval a Bérlő eldöntheti, hogy megrendeli-e a terméket a valós áron, vagy minden hátrányos jogkövetkezmény nélkül lemondja a megrendelést."
"Ha az ÁSZF valamely pontja jogilag hiányos vagy hatálytalan, attól még a …",What happens if any clause of the Terms and Conditions is legally incomplete or invalid?,"The remaining clauses of the contract remain in force, and the applicable provisions take effect in place of the invalid or defective part."
"Ha az ÁSZF valamely pontja jogilag hiányos vagy hatálytalan, attól még a …","Mi történik, ha az ÁSZF valamely pontja jogilag hiányos vagy hatálytalan?","Attól még a szerződés további pontjai érvényben maradnak, és a hatálytalan vagy hibás rész helyett az alkalmazandó rendelkezései érvényesek."
"A Szállítólevél aláírásával Bérlő igazolja, hogy sérülésektől mentes, működő …","What happens if contamination, damage, or incomplete functioning is found at handover?","If the parties find contamination, damage, or incomplete functioning at handover, but the Renter still wishes to proceed with the rental, the Lessor records these facts on the Delivery Note."
"A Szállítólevél aláírásával Bérlő igazolja, hogy sérülésektől mentes, működő …","Mi történik, ha az átvételkor szennyeződést, sérülést vagy hiányos működést állapítanak meg?","Ha a felek az átvételkor szennyeződést, sérülést vagy hiányos működést állapítanak meg, de a Bérlő ennek ellenére fenntartja bérlési szándékét, a Bérbeadó a Szállítólevélen rögzíti ezek tényét."
A házhozszállítás díját Bérlő a visszaigazoló emailben küldi meg Bérlő számára. …,"What happens if I request delivery, installation, dismantling, and return transport?","If the Renter requests delivery, installation, dismantling, and return transport, the fee for these services will be added to the order total based on prior arrangement."
A házhozszállítás díját Bérlő a visszaigazoló emailben küldi meg Bérlő számára. …,"Mi történik, ha kérem a kiszállítást, telepítést, lebontást és visszaszállítást?","Ha Bérlő kéri a kiszállítást, telepítést, lebontást és visszaszállítást, akkor annak díja előzetes egyeztetés alapján hozzáadódik a rendelési összeghez."
Az átvétel és visszaszállítás időpontjait,What happens if one of the requested rental items is unavailable?,The lessor will indicate if any of the items are not available and will offer a replacement item.
Az átvétel és visszaszállítás időpontjait,"Mi történik, ha valamelyik bérelni kívánt eszköz nem elérhető?","Bérbeadó jelzi, ha valamelyik eszköz nem lenne elérhető, és helyettesítő eszközt ajánl fel."
Lemondás,What happens if the cancellation is made after the 3rd day before installation?,"If the cancellation is made after the 3rd day before installation, the 20% deposit is non-refundable."
Lemondás,"Mi történik, ha a lemondás a telepítés előtti 3. nap után történik?","Ha a lemondás a telepítés előtti 3. nap után történik, a 20%-os foglaló nem jár vissza."
A jelen ÁSZF hatálya alá tartozó szerződések nem minősülnek írásba foglalt …,What happens if the company rejects the complaint?,The company is required to justify its position when it rejects the complaint.
A jelen ÁSZF hatálya alá tartozó szerződések nem minősülnek írásba foglalt …,"Mi történik, ha a vállalkozás elutasítja a panaszt?",A panaszt elutasító álláspontját a vállalkozás indokolni köteles.
"Amennyiben jelen szerződésről kiderülne, hogy érvénytelen vagy hibás, Felek …",What happens if the contract turns out to be invalid or defective?,"If this contract turns out to be invalid or defective, the parties shall supplement it while retaining its content in order to ensure validity."
"Amennyiben jelen szerződésről kiderülne, hogy érvénytelen vagy hibás, Felek …","Mi történik, ha a szerződés érvénytelennek vagy hibásnak bizonyul?","Amennyiben jelen szerződésről kiderülne, hogy érvénytelen vagy hibás, a Felek a jelen szerződés tartalmát megtartva egészítik ki azt az érvényesség érdekében."
A vásárlás ellenértékét a következőképpen egyenlítheti ki Bérlő: a foglalás …,What happens if the deposit is not paid within 2 working days?,"If the deposit is not paid within 2 working days, the Lessor will delete the order from its system and send the Renter an email about it."
A vásárlás ellenértékét a következőképpen egyenlítheti ki Bérlő: a foglalás …,"Mi történik, ha az előleg kifizetése 2 munkanapon belül nem történik meg?","Amennyiben az előleg kifizetése 2 munkanapon belül nem történik meg, a Bérbeadó a megrendelést törli a rendszerében, és erről e-mailt küld a Bérlőnek."
"Hiba, kár, javítás, csere",What happens if the equipment cannot be repaired or the repair is not economically reasonable?,"If the equipment cannot be repaired or repairing it is not economically justified, the renter must reimburse the replacement value of the equipment. The replacement is arranged in consultation with the lessor."
"Hiba, kár, javítás, csere","Mi történik, ha az eszköz javíthatatlan vagy a javítás nem ésszerű gazdasági alapon?","Ha az eszköz nem javítható, vagy a javítás gazdaságilag nem indokolt, a bérlő köteles az eszköz csereértékét megtéríteni. A csere megszervezése a bérbeadóval egyeztetve történik."
"A bérleti idő a Bérleti szerződésben meghatározott időpontig áll fenn, amely …","What happens if the equipment is not returned at the pre-arranged time on the due date, and in what condition must it be returned?","If this is not met, an additional full daily fee must be paid. At the end of the rental period, the Renter must return the rented item in undamaged/operational condition."
"A bérleti idő a Bérleti szerződésben meghatározott időpontig áll fenn, amely …","Mi történik, ha az eszközöket nem a lejárat napján egyeztetett időpontban szállítják vissza, és milyen állapotban kell visszaadni őket?","Ha ez nem teljesül, akkor egy újabb teljes napi díjat kell megfizetni. A bérleti idő lejártával a Bérlő köteles a bérelt tárgyat sérülés mentes/működőképes állapotban visszaszállítani."
A megrendelés a kiszállítást megelőző 48 óráig díjmentesen lemondható. 48 órán …,What happens if the inflatable castle has been delivered but installation fails due to the Tenant’s fault?,"If the inflatable castle has been delivered but installation fails due to the Tenant’s fault, the full rental fee must be paid."
A megrendelés a kiszállítást megelőző 48 óráig díjmentesen lemondható. 48 órán …,"Mi történik, ha a légvár kiszállításra került, de a telepítés a Bérlő hibájából nem sikerül?","Amennyiben a légvár kiszállításra került, de a telepítés a Bérlő hibájából hiúsul meg, a teljes bérleti díj fizetendő."
"Ha a Bérlő, a bérleti idő lejártakor a bérleti tárgyat a Bérbeadó írásbeli …","What happens if the Lessee does not return the rented item when the rental period ends, even after the Lessor’s written request?",The Lessor is entitled to remove the rented item from the Lessee.
"Ha a Bérlő, a bérleti idő lejártakor a bérleti tárgyat a Bérbeadó írásbeli …","Mi történik, ha a Bérlő a bérleti idő lejártakor nem szolgáltatja vissza a bérleti tárgyat a Bérbeadó írásbeli felszólítása ellenére sem?",A Bérbeadó jogosult a bérleti tárgyat a Bérlőtől elszállítani.
Amennyiben a bérlés időtartama alatt a bérlemények a Bérlő hibájából …,What happens if the rental items are damaged due to the Renter’s fault or stolen by unauthorized persons during the rental period?,"The Renter is obliged to immediately compensate the Lessor for all resulting damages, including any incidental damages related to the equipment being out of service."
Amennyiben a bérlés időtartama alatt a bérlemények a Bérlő hibájából …,"Mi történik, ha a bérlés alatt a bérlemények a Bérlő hibájából megsérülnek vagy illetéktelenek eltulajdonítják őket?","A Bérlő köteles a Bérbeadónak haladéktalanul megtéríteni valamennyi ebből származó kárt, beleértve az eszköz kiesésével összefüggő járulékos károkat is."
"Bérlő a Bérleti Szerződés aláírásával elfogadja, hogy hiba/kár esetén Bérbeadó …",What happens if the rented equipment is faulty or damaged?,"In case of a fault or damage, the Lessor will inspect the given equipment and provide an expert opinion."
"Bérlő a Bérleti Szerződés aláírásával elfogadja, hogy hiba/kár esetén Bérbeadó …","Mi történik, ha a bérelt eszköz hibás vagy megsérül?","Hiba vagy kár esetén a Bérbeadó bevizsgálja az adott eszközt, és szakvéleményt ad."
A bérlés kifizetésére az eszköz átvétele előtt kerül sor.,What happens if the Renter still resells or transfers the rented equipment?,"In such cases, the Lessor initiates proceedings for the commission of a criminal offense with the competent police authority."
A bérlés kifizetésére az eszköz átvétele előtt kerül sor.,"Mi történik, ha a Bérlő mégis továbbértékesíti vagy átadja a bérelt eszközt?",Ilyen esetekben a Bérbeadó bűncselekmény elkövetése miatt eljárást kezdeményez az illetékes rendőri szervnél.
ÁLTALÁNOS SZERZŐDÉSI FELTÉTELEK,What happens if the Renter withdraws from the Contract before performance begins?,"If the Renter withdraws from the Contract before performance begins, the Company is entitled to 40% of the Current fee as a penalty. The Company will invoice this penalty."
ÁLTALÁNOS SZERZŐDÉSI FELTÉTELEK,"Mit jelent az, ha a bérlő a Szerződéstől a teljesítés megkezdése előtt eláll?","Ha a Bérlő a Szerződéstől a teljesítés megkezdése előtt eláll, akkor a Hatályos díj 40%-ára igényt tarthat a Vállalkozás, mint kötbérre. A Vállalkozás ezt a kötbért kiszámlázza."
Bérlő által esetlegesen okozott kár összegét a Bérbeadó kiszámlázza a Bérlőnek …,What happens if the Tenant causes damage to the rented equipment?,"Any damage caused by the Tenant will be invoiced by the Lessor to the Tenant, and the Tenant is obliged to pay it."
Bérlő által esetlegesen okozott kár összegét a Bérbeadó kiszámlázza a Bérlőnek …,"Mi történik, ha a Bérlő kárt okoz a bérelt eszközben?","A Bérlő által esetlegesen okozott kár összegét a Bérbeadó kiszámlázza a Bérlőnek, és azt a Bérlő köteles megfizetni."
Szabadtéri használat esetén a légvár kizárólag 10 °C feletti hőmérséklet …,What happens if the weather does not allow safe operation?,"If the weather conditions do not allow safe operation, the delivery automatically fails, and the Service Provider informs the Hirer by phone or SMS."
Szabadtéri használat esetén a légvár kizárólag 10 °C feletti hőmérséklet …,"Mi történik, ha az időjárás nem teszi lehetővé a biztonságos üzemeltetést?","Amennyiben az időjárási körülmények nem teszik lehetővé a biztonságos üzemeltetést, a kiszállítás automatikusan meghiúsul, erről a Szolgáltató telefonon vagy SMS-ben értesíti a Bérlőt."
A kölcsönzés feltételei:,"What happens in case of rainy weather, and what penalty applies if the agreed venue is not suitable?","In rainy weather, the renter may decide only after consultation that the event will still take place at a later time; in that case, the rental fee must be paid. If the ordered venue is not suitable, the customer must provide another suitable location; otherwise, on the day the contract ends, they must compensate the landlord with 50% of the amount."
A kölcsönzés feltételei:,"Mi történik esős idő esetén, és milyen kötbér jár a nem megfelelő helyszín biztosításáért?","Esős idő esetén a bérlő csak egyeztetés után dönthet úgy, hogy a rendezvény a későbbi időpont ellenére is megvalósul, ebben az esetben a bérleti díjat ki kell fizetnie. Ha a megrendelt helyszín nem megfelelő, a megrendelőnek kell gondoskodnia másik megfelelő helyszínről, ellenkező esetben a szerződés megszűnésének napján az összeg 50%-át köteles megtéríteni a bérbeadó felé."
"Esős nap esetén semmilyen anyagi kötelezettség nem terheli a bérlőt, ezen …",What happens to the booking and payment in case of rain?,"In case of rain, the renter has no financial obligation; in that case, they may cancel and reschedule the booked date."
"Esős nap esetén semmilyen anyagi kötelezettség nem terheli a bérlőt, ezen …",Mi történik esős nap esetén a foglalással és a díjfizetéssel?,"Esős nap esetén semmilyen anyagi kötelezettség nem terheli a bérlőt, ezen esetben lemondhatja és átteheti a foglalt időpontot."
Bérbeadó jogosult Bérlőnek a Szállítólevélen szereplő azonosító adatainak és …,What happens to the recorded data after the rental period ends normally?,"After the rental period is properly concluded, the Lessor destroys the data, or with permission processes and stores it for its own purposes."
Bérbeadó jogosult Bérlőnek a Szállítólevélen szereplő azonosító adatainak és …,Mi történik a bérleti időszak rendes lezárása után a rögzített adatokkal?,"A bérleti időszak rendes lezárását követően a Bérbeadó az adatokat megsemmisíti, vagy engedéllyel saját célra kezeli és tárolja."
ÁLTALÁNOS_SZERZŐDÉSI_FELTÉTELEK_ASZF_PDF,What happens to the rental in case of rain or bad weather?,No rain or bad-weather conditions are stated in this excerpt.
ÁLTALÁNOS_SZERZŐDÉSI_FELTÉTELEK_ASZF_PDF,Mi történik eső vagy rossz idő esetén a bérléssel?,Ebben a részletben nem szerepelnek esőre vagy rossz időre vonatkozó feltételek.
A Bérlő a Szolgáltatás igénybevétele során esetlegesen felmerülő panasz …,What happens with a verbal complaint?,"Quality complaints are always investigated. The Lessor will remedy a verbal complaint immediately if possible. If immediate remedy is not possible, due to the nature of the complaint, or if the Renter does not agree with how it is handled, a record of the complaint will be made."
A Bérlő a Szolgáltatás igénybevétele során esetlegesen felmerülő panasz …,Mi történik a szóbeli panasszal?,"A minőségi panaszokat minden esetben kivizsgálják. A Bérbeadó a szóbeli panaszt, ha lehetősége van rá, azonnal orvosolja. Ha erre nincs lehetőség, a panasz jellegéből adódóan, vagy ha a Bérlő nem ért egyet a kezelésével, akkor jegyzőkönyv készül a panaszról."
"Az érintett jogosult arra, hogy az adatkezelőtől visszajelzést kapjon arra …",What information can I request from the controller about the processing of my personal data?,"You are entitled to receive confirmation as to whether your personal data is being processed, and if so, access to the personal data and the following information: the purposes of processing; the categories of personal data; the recipients or categories of recipients to whom the personal data have been or will be disclosed, including in particular recipients in third countries and international organisations; the envisaged retention period; the right to rectification, erasure or restriction of processing and the right to object; the right to lodge a complaint with a supervisory authority; information on the source of the data; and the existence of automated decision-making, including profiling, together with intelligible information about the logic involved and the significance and envisaged consequences for you."
"Az érintett jogosult arra, hogy az adatkezelőtől visszajelzést kapjon arra …",Milyen információkat kérhetek az adatkezelőtől a személyes adataim kezeléséről?,"Jogosult arra, hogy visszajelzést kapjon arról, hogy a személyes adatainak kezelése folyamatban van-e, és ha igen, hozzáférést kapjon a személyes adatokhoz és az alábbi információkhoz: az adatkezelés céljai; a személyes adatok kategóriái; a címzettek vagy címzettek kategóriái, akikkel közölték vagy közölni fogják az adatokat, ideértve különösen a harmadik országbeli címzetteket és a nemzetközi szervezeteket; a tárolás tervezett időtartama; a helyesbítés, törlés vagy korlátozás és a tiltakozás joga; a felügyeleti hatósághoz benyújtható panasz joga; az adatforrásokra vonatkozó információ; valamint az automatizált döntéshozatal ténye, ideértve a profilalkotást is, az alkalmazott logikára és a várható következményekre vonatkozó érthető információkkal."
"FIT Solutions Kft. (6725 Szeged, Móra utca 49. f.sz. 1., e-mail …",What information can the User request about the processing of their personal data?,"The User may ask the Service Provider to inform them which personal data are processed, on what legal basis, for what data-processing purpose, from what source, and for how long, as well as which third parties were granted access to which personal data or to whom the personal data were transferred, and on what legal basis."
"FIT Solutions Kft. (6725 Szeged, Móra utca 49. f.sz. 1., e-mail …",Milyen információkat kérhet a Felhasználó a személyes adatai kezeléséről?,"A Felhasználó kérheti, hogy a Szolgáltató tájékoztassa arról, mely személyes adatait kezeli, milyen jogalapon, milyen adatkezelési célból, milyen forrásból, milyen hosszú ideig, valamint arról is, hogy mely harmadik személyeknek, milyen jogszabály alapján, mely személyes adataihoz biztosított hozzáférést vagy kinek továbbította azokat."
A megrendelést leadhatja az ugralovar.galgamacsa@gmail.com email címre az alábbi …,What information do I need to provide about the rental period?,You need to provide the rental duration and the number of days.
A megrendelést leadhatja az ugralovar.galgamacsa@gmail.com email címre az alábbi …,Milyen információt kell megadni a bérlés időtartamáról?,Meg kell adni a bérlés időtartamát és a napok számát.
Foglalás kérése,What information do I need to provide for a booking request?,"For a booking request, you need to provide your name, phone number, email address, and location."
Foglalás kérése,Milyen adatokat kell megadnom a foglalási kérelemhez?,"A foglalási kérelemhez meg kell adnia a nevet, a telefonszámot, az email címet és a helyszínt."
A „Légvár rendelés” lapon a Bérlőnak a következő adatokat kell megadnia:,What information do I need to provide on the “Bouncy castle order” page?,"The Lessee must provide the following data: name (tax number if it is a business), e-mail address, telephone number, rental location, and billing address."
A „Légvár rendelés” lapon a Bérlőnak a következő adatokat kell megadnia:,Milyen adatokat kell megadnom a „Légvár rendelés” lapon?,"A Bérlőnek a következő adatokat kell megadnia: név (vállalkozás esetén adószám is), e-mail cím, telefonszám, bérlés helye, számlázási cím."
"Átadjuk a kibérelt ugrálóvárat, a biztonságos működtetéshez szükséges összes …",What information do I need to provide to send a message?,"The fields are: Name*, Email*, Phone number*, Message*, and you must confirm that you have read, understood, and acknowledged the Privacy Notice."
"Átadjuk a kibérelt ugrálóvárat, a biztonságos működtetéshez szükséges összes …",Milyen adatokat kell megadni az üzenetküldéshez?,"A mezők: Név*, Email*, Telefonszám*, Üzenet*, valamint ki kell jelölni, hogy az Adatkezelési Tájékoztatót elolvasta, annak tartalmát megismerte és megértette."
A békéltető testület eljárása a fogyasztó kérelmére indul. A kérelmet a …,What information must the application contain?,"The application must include the consumer’s name and place of residence or stay; the name, registered office or relevant premises of the business involved in the consumer dispute; if the consumer requests jurisdiction, the designation of the conciliation body requested instead of the competent one; a brief description of the consumer’s position, the supporting facts and evidence; and the consumer’s statement that they have tried to resolve the dispute directly with the business concerned."
A békéltető testület eljárása a fogyasztó kérelmére indul. A kérelmet a …,Milyen adatokat kell tartalmaznia a kérelemnek?,"A kérelemnek tartalmaznia kell a fogyasztó nevét, lakóhelyét vagy tartózkodási helyét; a fogyasztói jogvitával érintett vállalkozás nevét, székhelyét vagy érintett telephelyét; ha a fogyasztó az illetékességet az illetékes békéltető testület helyett kérelmezett testület megjelölését; a fogyasztó álláspontjának rövid leírását, az azt alátámasztó tényeket és azok bizonyítékait; valamint a fogyasztó nyilatkozatát arról, hogy az érintett vállalkozással közvetlenül megkísérelte a vitás ügy rendezését."
Az átvétel és visszaszállítás időpontjait,What information should be included in the order?,"The pickup and return times, as well as the list of the rental items to be hired, should be provided."
Az átvétel és visszaszállítás időpontjait,Mik szerepelnek a megrendelésben megadandó adatok között?,"Az átvétel és visszaszállítás időpontjait, valamint a bérelni kívánt eszközök felsorolását kell megadni."
E tájékoztatóban fel nem sorolt adatkezelésekről az adat felvételekor adunk …,What information will I receive about data processing operations that are not listed in this notice?,You will be informed about those data processing operations when the data is collected.
E tájékoztatóban fel nem sorolt adatkezelésekről az adat felvételekor adunk …,"Milyen tájékoztatást kapok az olyan adatkezelésekről, որոնք nincsenek felsorolva ebben a tájékoztatóban?",Az ilyen adatkezelésekről az adat felvételekor adnak tájékoztatást.
"a biztonságos üzemeltetés feltétele a folyamatos szülői felügyelet, így …",What is a condition for safe operation when using the bouncy castle?,"Safe operation requires continuous parental supervision, so renters are asked to keep an eye on their children."
"a biztonságos üzemeltetés feltétele a folyamatos szülői felügyelet, így …",Mi a biztonságos üzemeltetés feltétele a légvár használatakor?,"A biztonságos üzemeltetés feltétele a folyamatos szülői felügyelet, ezért kérik a bérlőket, hogy figyeljenek gyerekeikre."
"JAVÍTÁS, SZERVIZ","What is a cookie, and what is it used for?",A cookie is a small data file that the browser stores on the user's computer at the website's request. It allows the website to remember the user's actions or settings from time to time.
"JAVÍTÁS, SZERVIZ","Mi a cookie, és mire szolgál?","A cookie egy kis adatfájl, amelyet a böngésző a webhely kérésére eltárol a felhasználó számítógépén. Lehetővé teszi, hogy a webhely időről időre megjegyezze a felhasználó műveleteit vagy beállításait."
"GARLANDO CSOCSÓ ASZTAL ÉRMEVIZSGÁLÓ JAVÍTÁS, FELÚJÍTÁS","What is a good outdoor ping pong, or table tennis table?","The provided text only contains this heading, but does not give a description or specific characteristics of a good outdoor ping pong table."
"GARLANDO CSOCSÓ ASZTAL ÉRMEVIZSGÁLÓ JAVÍTÁS, FELÚJÍTÁS","Milyen a jó kültéri pingpong, vagy asztalitenisz asztal?","A megadott szöveg csak ezt a címet tartalmazza, de nem ad leírást vagy konkrét jellemzőket a jó kültéri pingpongasztalról."
Átadáskor elmondjuk az összeállítás és a biztonságos üzemeltetés módját és …,What is explained at handover?,"At handover, they explain how to assemble it and the rules for safe operation."
Átadáskor elmondjuk az összeállítás és a biztonságos üzemeltetés módját és …,Mit mondanak el az átadáskor?,Átadáskor elmondják az összeállítás és a biztonságos üzemeltetés módját és szabályait.
Biztonsági szabályok,"What is forbidden to bring into the bouncy castle, and what footwear may children use it in?","It is forbidden to bring food, drinks, and sharp objects into the bouncy castle or use them near it. Children may use the bouncy castle only in socks, without shoes."
Biztonsági szabályok,"Mit tilos bevinni az ugrálóvárba, és milyen ruházatban használhatják a gyerekek?","Ételt, italt és éles eszközöket az ugráló várba bevinni és annak közelében használni tilos. A gyerekek csak zokniban, cipő nélkül használhatják az ugráló várat."
"kaució átvétele, melynek az összege 20.000 Ft / játék",What is included in the bouncy castle price?,"The price includes the bouncy castle, the compressor, pegs, and the underlay tarp."
"kaució átvétele, melynek az összege 20.000 Ft / játék",Mit tartalmaz az ugrálóvár ára?,"Az ár tartalmazza az ugrálóvárat, a kompresszort, a cövekeket és az alátét ponyvát."
A jelen ÁSZF hatálya alá tartozó szerződések nem minősülnek írásba foglalt …,What is included in the record for an oral complaint made by phone or other electronic communications service?,"In the case of an oral complaint made by phone or using another electronic communications service, the complaint’s unique identification number is included in the record."
A jelen ÁSZF hatálya alá tartozó szerződések nem minősülnek írásba foglalt …,Szóbeli panasz esetén mi szerepel a jegyzőkönyvben?,Telefonon vagy egyéb elektronikus hírközlési szolgáltatás felhasználásával közölt szóbeli panasz esetén a panasz egyedi azonosítószáma szerepel a jegyzőkönyvben.
"Külön megállapodás, vagy az erre a célra szolgáló szolgáltatás igénybevétele …",What is prohibited on the Lessor’s provided interface or database without a separate agreement?,"Without a separate agreement, or without using the service intended for this purpose, it is prohibited to modify, copy, add new data to, or overwrite existing data in the Lessor’s database by bypassing the interface provided by the Lessor or search engines."
"Külön megállapodás, vagy az erre a célra szolgáló szolgáltatás igénybevétele …",Mit tilos tenni a Bérbeadó által rendelkezésre bocsátott felületen vagy adatbázisban külön megállapodás nélkül?,"Külön megállapodás, vagy az erre a célra szolgáló szolgáltatás igénybevétele nélkül tilos a Bérbeadó által rendelkezésre bocsátott felület, illetve keresőmotorok megkerülésével a Bérbeadó adatbázisát módosítani, lemásolni, abban új adatokat elhelyezni, vagy meglévő adatokat felülírni."
Adatvédelmi Tájékoztató | Általános Szerződési Feltételek | Impresszum,What is shown in this section from the Terms and Conditions or related pages?,"In this section, only the following page titles are shown: “Privacy Notice | General Terms and Conditions | Imprint”."
Adatvédelmi Tájékoztató | Általános Szerződési Feltételek | Impresszum,Mi látható ebben a szakaszban az Általános Szerződési Feltételekből vagy kapcsolódó oldalakból?,Ebben a részben csak a következő oldalcímek szerepelnek: „Adatvédelmi Tájékoztató | Általános Szerződési Feltételek | Impresszum”.
"A weboldalon megjelenő adatokat szolgáltató szerverek elérhetősége évi 99,9% …","What is the availability of the servers providing the data, and how are the data protected?","The servers providing the data displayed on the website have an annual availability of over 99.9%. Regular backups are made of the entire content, so in the event of a problem the original content can be restored. The data displayed on the website is stored in MSSQL and MySQL databases, and sensitive data is stored with appropriate encryption strength, using hardware support built into the processor for encryption."
"A weboldalon megjelenő adatokat szolgáltató szerverek elérhetősége évi 99,9% …","Mekkora az adatokat szolgáltató szerverek elérhetősége, és hogyan védik az adatokat?","A weboldalon megjelenő adatokat szolgáltató szerverek elérhetősége évi 99,9% feletti. Rendszeresen mentés készül a teljes adattartalomról, így probléma esetén az eredeti adattartalom visszaállítható. Az adatokat MSSQL és MySQL adatbázisban tárolják, az érzékeny adatokat pedig megfelelő erősségű titkosítással, processzorba épített hardveres támogatással kódolják."
Jelen Általános Szerződési Feltételek hatályba lépésének ideje: 2022.07.01.,What is the company address?,"Address: 1181 Budapest, Batthyány Lajos utca 27/B."
Jelen Általános Szerződési Feltételek hatályba lépésének ideje: 2022.07.01.,Mi a cég címe?,"Cím: 1181 Budapest, Batthyány Lajos utca 27/B."
Ennek keretében fennáll a vállalkozásoknak a békéltető testület felhívására …,What is the company's obligation when the conciliation body requests a response?,"Companies are required to send a written response upon the conciliation body's request, and they must also ensure appearance before the conciliation body („ensuring the participation of a person authorized to reach a settlement at the hearing”)."
Ennek keretében fennáll a vállalkozásoknak a békéltető testület felhívására …,Mi a vállalkozások kötelezettsége a békéltető testület felhívására?,"A vállalkozásoknak válasziratot kell megküldeniük a békéltető testület felhívására, továbbá biztosítaniuk kell a békéltető testület előtti megjelenést („meghallgatáson egyezség létrehozatalára feljogosított személy részvételének biztosítása”)."
"Tájékoztatjuk, hogy Ön velünk szemben fogyasztói panasszal élhet. Amennyiben az …",What is the condition for starting proceedings before the Conciliation Body?,A condition for starting the procedure is that the consumer must first try to resolve the dispute directly with the affected business.
"Tájékoztatjuk, hogy Ön velünk szemben fogyasztói panasszal élhet. Amennyiben az …",Mi az eljárás megindításának feltétele a Békéltető Testületnél?,"Az eljárás megindításának feltétele, hogy a fogyasztó az érintett vállalkozással közvetlenül megkísérelje a vitás ügy rendezését."
"Az így begyűjtött adatok anonimak, és nem alkalmasak a Felhasználó személyének …","What is the cookieconsent_dismissed cookie used for, and how long does it last?","The cookieconsent_dismissed cookie stores whether the User has closed the cookie information notice, and its lifetime is 1 year."
"Az így begyűjtött adatok anonimak, és nem alkalmasak a Felhasználó személyének …","Mire szolgál a cookieconsent_dismissed süti, és mennyi az élettartama?","A cookieconsent_dismissed süti annak tárolására szolgál, hogy a Felhasználó bezárta-e a sütikről szóló tájékoztatót, és az élettartama 1 év."
Szállítási terület,"What is the delivery fee within a 30 to 40 km radius of Debrecen, and what happens beyond 40 km?","Delivery costs 12000 Ft within a 30 to 40 km radius of Debrecen. For distances over 40 km, delivery is arranged by individual agreement."
Szállítási terület,"Mi a kiszállítás díja Debrecen 30 és 40 km közötti körzetében, illetve 40 km felett?",Debrecen 30 - 40 km-es körzetében a kiszállítás 12000 Ft. 40 km feletti távolság esetén a kiszállítás egyedi megállapodás alapján történik.
A kölcsönzés feltételei:,"What is the deposit amount, and when is it refunded or applied to the final invoice?","The deposit is 50% of the rental fee within 5 days from the date of the contract. It may be used only as agreed with the renter; if the event takes place, it is credited to the final invoice. The deposit can be cancelled within 5 days from signing the contract, and it may be refunded according to other conditions agreed in advance by the parties."
A kölcsönzés feltételei:,"Mennyi a foglaló összege, és mikor jár vissza vagy mikor veszik be a végszámlába?","A foglaló a szerződés időpontjától számított 5 napon belül a bérleti díj 50%-a. A foglaló csak a bérlővel egyeztetett módon használható fel; ha az esemény megvalósul, a végszámlába beszámításra kerül. A foglaló a szerződés aláírásától számított 5 napon belül felmondható, és a felek által előre megállapított egyéb feltételek szerint visszajárhat."
"Szerződés, feltételek, szabályzat","What is the deposit amount, and when is it returned?","A deposit of HUF 10,000 is required for the rental. The deposit is returned at the end of the rental period if the product is in flawless condition and in compliance with the contract."
"Szerződés, feltételek, szabályzat","Mennyi a kaució összege, és mikor jár vissza?","A bérléshez 10 000 Ft kaució szükséges. A kauciót a bérlési időszak végén, a termék hibátlan és szerződésszerű állapotában visszaadják."
"kaució átvétele, melynek az összege 20.000 Ft / játék",What is the deposit per game?,"The deposit amount is 20,000 HUF per game."
"kaució átvétele, melynek az összege 20.000 Ft / játék",Mennyi a kaució egy játékra?,A kaució összege 20.000 Ft / játék.
"Átadjuk a kibérelt ugrálóvárat, a biztonságos működtetéshez szükséges összes …",What is the email address and address if I want to get in touch?,"The email address is csodaugralovar@gmail.com. The address is 9700 Szombathely, Retek utca 28."
"Átadjuk a kibérelt ugrálóvárat, a biztonságos működtetéshez szükséges összes …","Mi az e-mail cím és a cím, ha kapcsolatba szeretnék lépni?","Az e-mail cím: csodaugralovar@gmail.com. A cím: 9700 Szombathely, Retek utca 28."
E-mail cím: foglalas@ugraloberles.hu,What is the email address for bookings?,The email address for bookings is: foglalas@ugraloberles.hu.
E-mail cím: foglalas@ugraloberles.hu,Mi az e-mail cím a foglalásokhoz?,A foglalásokhoz megadott e-mail cím: foglalas@ugraloberles.hu.
A jelen ÁSZF hatálya alá tartozó szerződések nyelve a magyar nyelv.,What is the language of contracts under these Terms and Conditions?,The language of contracts under these Terms and Conditions is Hungarian.
A jelen ÁSZF hatálya alá tartozó szerződések nyelve a magyar nyelv.,Mi a jelen ÁSZF hatálya alá tartozó szerződések nyelve?,A jelen ÁSZF hatálya alá tartozó szerződések nyelve a magyar nyelv.
"A szerződés nyelve, a szerződés formája","What is the language of the contract, and in what form is the contract concluded?","The language of the contract is Hungarian. The contract is concluded exclusively electronically; the Customer accepts the offer by filling out the personal data form and pressing the appropriate button. The contract is not considered a written contract, and it will not be accessible afterward."
"A szerződés nyelve, a szerződés formája",Mi a szerződés nyelve és milyen formában jön létre a szerződés?,"A szerződés nyelve magyar. A szerződés kizárólag elektronikus úton jön létre, a Megrendelő a személyes adatlap kitöltésével és a megfelelő gomb megnyomásával fogadja el az ajánlatot. A szerződés nem minősül írásba foglalt szerződésnek, és utólag nem lesz hozzáférhető."
"Átadjuk a kibérelt ugrálóvárat, a biztonságos működtetéshez szükséges összes …",What is the late fee and cleaning fee if the bouncy castle is returned late or dirty/wet?,"If the bouncy castle is not returned by the agreed time, a late fee of HUF 20,000 will be charged. If the bouncy castle or its sponge is returned wet, muddy, or very dirty, a cleaning fee of HUF 20,000 will be charged."
"Átadjuk a kibérelt ugrálóvárat, a biztonságos működtetéshez szükséges összes …","Mennyi a késedelmi díj és a takarítási díj, ha az ugrálóvár nem időben vagy koszosan/vizesen érkezik vissza?","Ha az ugrálóvár nem érkezik vissza a megbeszélt időpontra, 20.000 Ft-os késedelmi díjat számláznak ki. Ha az ugrálóvár vagy a hozzá tartozó szivacs vizesen, sárosan, nagyon koszosan érkezik vissza, 20.000 Ft összegű takarítási díjat számolnak fel."
Az adatkezelés jogalapjaAz adatkezelés jogalapja a Felhasználó szerződéskötési …,What is the legal basis for data processing?,The legal basis for data processing is the User’s intention to conclude a contract; the provided data are necessary for preparing the contract.
Az adatkezelés jogalapjaAz adatkezelés jogalapja a Felhasználó szerződéskötési …,Mi az adatkezelés jogalapja?,Az adatkezelés jogalapja a Felhasználó szerződéskötési szándéka; a megadott adatok a szerződéskötés előkészítéséhez szükségesek.
Általános szerződési feltételek,What is the lessor’s name and what do the general terms and conditions apply to?,"The lessor’s name does not appear in the text. The general terms and conditions apply to a rental service, but in the provided section only the “social media” label and the Facebook-f, Google-plus-g items are visible."
Általános szerződési feltételek,Mi a bérbeadó neve és mire vonatkoznak az általános szerződési feltételek?,"A szövegben a bérbeadó neve nem szerepel. Az általános szerződési feltételek egy bérbeadási szolgáltatásra vonatkoznak, a megadott részben azonban csak a „közösségi média” és a Facebook-f, Google-plus-g elemek láthatók."
"A fogyasztói jogviták online rendezéséről, valamint a 2006/2004/EK rendelet és a …","What is the online dispute resolution platform, and since when is it available?","The European Commission created the online dispute resolution platform under Regulation (EU) No 524/2013, and it has been available since 15 February 2016 for consumer disputes arising between parties to online sales or service contracts, for both consumers and traders."
"A fogyasztói jogviták online rendezéséről, valamint a 2006/2004/EK rendelet és a …","Mi az online vitarendezési platform, és mikortól érhető el?","Az Európai Bizottság hozta létre az online vitarendezési platformot a 524/2013/EU rendelet alapján, és 2016. február 15-től vehető igénybe fogyasztói jogvita esetén az online adásvételi vagy szolgáltatási szerződést kötők között, mind a fogyasztók, mind a kereskedők számára."
A Szerződésre különösen az alábbi jogszabályok vonatkoznak:,"What is the part that refers to the scope, acceptance, and modification of the Terms and Conditions?","The title of that section is: ""The scope, acceptance and modification of the Terms and Conditions""."
A Szerződésre különösen az alábbi jogszabályok vonatkoznak:,"Mi az a rész, amely az ÁSZF hatályára, elfogadására és megváltoztatására utal?","Az adott szakasz címe: ""Az ÁSZF hatálya, elfogadása, megváltoztatása""."
"A Gowinday Kft. olyan műszaki, szervezési és szervezeti intézkedésekkel …",What is the purpose of cookies used by Gowinday Kft.?,"Cookies collect information about visitors and their devices, remember visitors’ individual settings, make the website easier to use, and provide a quality user experience."
"A Gowinday Kft. olyan műszaki, szervezési és szervezeti intézkedésekkel …",Milyen célból használ a Gowinday Kft. sütiket (cookie-kat)?,"A sütik információkat gyűjtenek a látogatókról és eszközeikről, megjegyzik a látogatók egyéni beállításait, megkönnyítik a weboldal használatát, és minőségi felhasználói élményt biztosítanak."
A Bérbeadó az eszközöket minden esetben működőképes állapotban adja át.Bérlő …,What is the Renter's obligation regarding the handed-over equipment?,The Renter must preserve the condition of the equipment handed over to them and takes responsibility for using it in accordance with its intended purpose.
A Bérbeadó az eszközöket minden esetben működőképes állapotban adja át.Bérlő …,Mi a Bérlő kötelezettsége az átadott eszközökkel kapcsolatban?,"A Bérlő köteles a részére átadott eszköz állagát megóvni, és felelősséget vállal arra, hogy azt a rendeltetésének megfelelően használja."
A békéltető testület hatáskörébe tartozik a fogyasztói jogvita bírósági …,What is the role of the conciliation board in a consumer dispute?,"The conciliation board’s task is to try to create an agreement between the parties in order to resolve the consumer dispute, and if that is unsuccessful, it makes a decision in the case to ensure the simple, fast, effective, and cost-efficient enforcement of consumer rights."
A békéltető testület hatáskörébe tartozik a fogyasztói jogvita bírósági …,Mi a békéltető testület feladata fogyasztói jogvita esetén?,"A békéltető testület feladata, hogy megkísérelje a fogyasztói jogvita rendezése céljából egyezség létrehozását a felek között, és ennek eredménytelensége esetén az ügyben döntést hoz a fogyasztói jogok egyszerű, gyors, hatékony és költségkímélő érvényesítése érdekében."
"A Gowinday Kft. olyan műszaki, szervezési és szervezeti intézkedésekkel …",What is the title of section 3.3.3?,3.3.3 Cookies placed by third parties (analytics)
"A Gowinday Kft. olyan műszaki, szervezési és szervezeti intézkedésekkel …",Mi szerepel a következő fejezet címeként: 3.3.3?,3.3.3 Harmadik fél által elhelyezett cookie-k (analitika)
"Az így begyűjtött adatok anonimak, és nem alkalmasak a Felhasználó személyének …","What is the UB cookie used for, and how long does it last?","The UB cookie is used to identify the User's session, and it lasts until the browser is closed."
"Az így begyűjtött adatok anonimak, és nem alkalmasak a Felhasználó személyének …","Mire használják az UB sütit, és meddig él?","Az UB süti a Felhasználó munkamenetének azonosítására szolgál, és a böngésző program bezárásáig él."
ÁLTALÁNOS SZERZŐDÉSI FELTÉTELEK (ÁSZF.) - HOL LEHET JÁTSZANI? TÉRKÉP,What is their map used for according to the terms?,Their map is provided as a service and shows where in Hungary you can play with amusement machines and games.
ÁLTALÁNOS SZERZŐDÉSI FELTÉTELEK (ÁSZF.) - HOL LEHET JÁTSZANI? TÉRKÉP,Mire szolgál a térképük az ÁSZF szerint?,"A térképük szolgáltatásként működik, és azt mutatja meg, hogy Magyarországon hol lehet játékgépekkel és játékokkal játszani."
Általános Szerződési Feltételek,"What is this document, and what does it cover?","This is the General Terms and Conditions document, but the provided excerpt does not include any further specific contractual terms or service details."
Általános Szerződési Feltételek,"Mi ez a dokumentum, és mire vonatkozik?","Ez az Általános Szerződési Feltételek dokumentum, de a megadott részlet nem tartalmaz további konkrét szerződési feltételeket vagy szolgáltatási részleteket."
Házhozszállítást jelenleg nem tudunk vállalni!,What kind of area needs to be prepared for setting up the bouncy castle?,"Branches, larger stones, and dirt must be removed from the planned location. The ground tarp must be placed on a flat area, and you need to add about 1.5 meters for the air blower connection to the listed dimensions. The tube usually extends out from the back or side of the bouncy castle."
Házhozszállítást jelenleg nem tudunk vállalni!,Milyen helyet kell előkészíteni az ugrálóvár felállításához?,"Az ugrálóvár tervezett helyéről el kell távolítani az ágakat, a nagyobb köveket és a szennyeződéseket. Az alátét ponyvát egy sík területre kell helyezni, és a feltüntetett méretekhez hozzá kell számolni a légbefúvó csatlakozását, ami kb. 1.5 méter. A cső általában hátra vagy oldalra áll ki az ugrálóvárból."
Bérleti szerződés minta,What kind of document is this text?,This is a rental contract template.
Bérleti szerződés minta,Milyen dokumentum ez a szöveg?,Ez egy bérleti szerződés minta.
"Fizetés készpénzben a helyszínen, a bérlés kezdetekor vagy telephelyünkön a 1181 …",What kind of invoice will I receive for the rental?,The Lessor issues an electronic invoice and sends it to the Lessee by email.
"Fizetés készpénzben a helyszínen, a bérlés kezdetekor vagy telephelyünkön a 1181 …",Milyen számlát kapok a bérlésről?,"A Bérbeadó elektronikus számlát állít ki, és azt emailben küldi meg a Bérlő részére."
"Az internetböngészők lehetőséget adnak arra, hogy a felhasználók beállítsák …",What kinds of cookies does the website use?,The website uses both own cookies and third-party cookies. The own cookies come from the csocsokiraly.hu domain. Third-party cookies belong to other parties and are managed by other parties.
"Az internetböngészők lehetőséget adnak arra, hogy a felhasználók beállítsák …",Milyen cookie-kat használ a webhely?,"A webhely saját és harmadik féltől származó cookie-kat is használ. A saját cookie-k a csocsokiraly.hu domainről származnak. A harmadik féltől származó cookie-k más felekhez tartoznak, és más felek kezelik azokat."
Bérlőnak a rendelés bármely szakaszában és a megrendelés Bérbeadó részére való …,What kinds of errors can I correct on the order interface?,"For example, products can be deleted and order details can be modified on the order interface."
Bérlőnak a rendelés bármely szakaszában és a megrendelés Bérbeadó részére való …,Milyen hibákat tudok javítani a megrendelési felületen?,A megrendelési felületen például termék törölhető vagy a rendelési adatok módosíthatók.
Jelen ÁSZF-re a magyar jog az irányadó. A Szolgáltató fenntartja a jogot az ÁSZF …,"What law governs the Terms and Conditions, and can they be changed?","Hungarian law applies to these Terms and Conditions, and the Service Provider reserves the right to modify them."
Jelen ÁSZF-re a magyar jog az irányadó. A Szolgáltató fenntartja a jogot az ÁSZF …,"Mely jog vonatkozik az ÁSZF-re, és módosítható-e az ÁSZF?","Az ÁSZF-re a magyar jog az irányadó, és a Szolgáltató fenntartja a jogot az ÁSZF módosítására."
"A megrendelés távóllévők között kötött szerződésnek minősül, amelyre a polgári …","What laws apply to the order, and what type of contract is it?","The order qualifies as a distance contract. It is governed by Act V of 2013 on the Civil Code, Act CVIII of 2001 on certain issues of electronic commerce services and information society services, and Government Decree 45/2014. (II.26.) on the detailed rules of contracts between consumers and businesses."
"A megrendelés távóllévők között kötött szerződésnek minősül, amelyre a polgári …","Milyen jogszabályok irányadóak a megrendelésre, és milyen szerződésnek minősül?","A megrendelés távollévők között kötött szerződésnek minősül. Irányadó rá a polgári törvénykönyvről szóló 2013. évi V. törvény, az elektronikus kereskedelmi szolgáltatások, valamint az információs társadalommal összefüggő szolgáltatások egyes kérdéseiről szóló 2001. évi CVIII. törvény, továbbá a fogyasztó és a vállalkozás közötti szerződések részletes szabályairól szóló 45/2014. (II.26.) Korm. rendelet."
A helyeket nem tudjuk ellenőrizni és nem vállalunk felelősséget a valótlan vagy …,What legal remedies does the notice mention?,The notice mentions the right to go to court and the possibility of a data protection authority procedure.
A helyeket nem tudjuk ellenőrizni és nem vállalunk felelősséget a valótlan vagy …,Milyen jogorvoslati lehetőségeket említ a tájékoztató?,A tájékoztató említi a bírósághoz fordulás jogát és az adatvédelmi hatósági eljárást.
"GARLANDO CSOCSÓ ASZTAL ÉRMEVIZSGÁLÓ JAVÍTÁS, FELÚJÍTÁS",What main menu items are available on the site?,"The main menu items are: JÁTÉKOK, ÁRAK – ÁRAJÁNLATKÉRÉS, SZOLGÁLTATÁSOK, BLOG, KAPCSOLAT, GYIK, and ÁSZF."
"GARLANDO CSOCSÓ ASZTAL ÉRMEVIZSGÁLÓ JAVÍTÁS, FELÚJÍTÁS",Milyen fő menüpontok érhetők el az oldalon?,"A fő menüpontok: JÁTÉKOK, ÁRAK – ÁRAJÁNLATKÉRÉS, SZOLGÁLTATÁSOK, BLOG, KAPCSOLAT, GYIK és ÁSZF."
Mindegyik légvárunk PVC anyagból készült a legszigorúbb minőségi feltételeknek …,"What material are the bouncy castles made of, and what safety features do they have?",All of our bouncy castles are made of PVC material in compliance with the strictest quality requirements. They come with extra-strong seam protection and a safety net.
Mindegyik légvárunk PVC anyagból készült a legszigorúbb minőségi feltételeknek …,"Milyen anyagból készülnek a légvárak, és milyen biztonsági elemekkel rendelkeznek?","Mindegyik légvár PVC anyagból készült, a legszigorúbb minőségi feltételeknek megfelelően. Extra erős varrásvédővel és védőhálóval rendelkezik."
A foglalás vége,What must be accepted at the end of the booking?,"At the end of the booking, you must accept the privacy statement."
A foglalás vége,Mit kell elfogadni a foglalás végén?,A foglalás végén el kell fogadni az adatvédelmi nyilatkozatot.
"Bizonyos esetekben a megadott adatok egy körének kezelését, tárolását …",What must someone do if they provide another person's personal data to Gowinday Kft.?,"If a person provides someone else's personal data, it is the data provider's responsibility to obtain the consent of the affected person."
"Bizonyos esetekben a megadott adatok egy körének kezelését, tárolását …","Mi a teendő, ha valaki nem a saját személyes adatait adja meg a Gowinday Kft. részére?","Amennyiben nem saját személyes adatokat ad meg, az adatközlő kötelessége az érintett hozzájárulásának beszerzése."
A jelen ÁSZF hatálya alá tartozó szerződések nem minősülnek írásba foglalt …,What must the company’s written notice include if it rejects the complaint?,"If the complaint is rejected, the company must inform the consumer in writing which authority or conciliation body procedure may be initiated, depending on the nature of the complaint. The notice must also include the seat, phone and internet contact details, and mailing address of the competent authority or the conciliation body at the consumer’s place of residence or stay, and whether the company uses conciliation body proceedings to resolve the consumer dispute."
A jelen ÁSZF hatálya alá tartozó szerződések nem minősülnek írásba foglalt …,"Mit kell tartalmaznia a vállalkozás írásbeli tájékoztatásának, ha elutasítja a panaszt?","Elutasítás esetén a vállalkozás köteles írásban tájékoztatni a fogyasztót arról, hogy panaszával - annak jellege szerint - mely hatóság vagy békéltető testület eljárását kezdeményezheti. A tájékoztatásnak tartalmaznia kell az illetékes hatóság, illetve a fogyasztó lakóhelye vagy tartózkodási helye szerinti békéltető testület székhelyét, telefonos és internetes elérhetőségét, valamint levelezési címét, továbbá azt is, hogy a vállalkozás igénybe veszi-e a békéltető testületi eljárást a fogyasztói jogvita rendezése érdekében."
Az adatok megadását követően Bérlőnak a szöveg előtt található üres négyzetbe …,What must the Renter accept after providing the data?,"After providing the data, the Renter must accept both the General Terms and Conditions and the Data Handling Policy by clicking the empty box before the text."
Az adatok megadását követően Bérlőnak a szöveg előtt található üres négyzetbe …,Mit kell a Bérlőnek elfogadnia az adatok megadása után?,"Az adatok megadását követően a Bérlőnek a szöveg előtt található üres négyzetbe kattintással el kell fogadnia az Általános Szerződési Feltételeket, valamint az Adatkezelési szabályzatot is."
Mi történik az ugrálóvár lefoglalását követően a buli napján?,"What needs to be prepared at the bounce castle location on the party day, and how should the castle be set up?","Branches, larger stones, dog mess, etc. must be removed from the planned location of the bounce castle, and you must also make sure that branches from trees or bushes do not hang over the designated area. The groundsheet tarp should be placed on the flat area, the bounce castle should be placed in the center of the spread-out tarp, and then unfolded. The stated dimensions must also include the air blower connection, which is about 1.5 meters."
Mi történik az ugrálóvár lefoglalását követően a buli napján?,"Mit kell előkészíteni az ugrálóvár helyén a buli napján, és hogyan kell felállítani a játékot?","Az ugrálóvár tervezett helyéről el kell távolítani az ágakat, nagyobb köveket, kutyapiszkot stb., és arra is figyelni kell, hogy a fák, bokrok ágai se lógjanak be a kijelölt területre. Az alátét ponyvát a sík területre kell elhelyezni, erre kell középre tenni az ugrálóvárat, majd ki kell hajtogatni. A feltüntetett méretekhez hozzá kell számolni a légbefúvó csatlakozását, mely kb. 1.5 méter."
A vállalkozást a békéltető testületi eljárásban együttműködési kötelezettség …,What obligation does the company have in conciliation board proceedings?,The company has a duty to cooperate in conciliation board proceedings.
A vállalkozást a békéltető testületi eljárásban együttműködési kötelezettség …,A vállalkozást milyen kötelezettség terheli a békéltető testületi eljárásban?,A vállalkozást együttműködési kötelezettség terheli a békéltető testületi eljárásban.
az üzemeltetéssel kapcsolatos információk átadása,What operational information is provided during the rental?,"According to the text, operational information is provided, but no further details are given."
az üzemeltetéssel kapcsolatos információk átadása,Milyen információkat adnak át az üzemeltetéssel kapcsolatban a bérlés során?,"A szöveg alapján az üzemeltetéssel kapcsolatos információk átadása megtörténik, de további részletek nincsenek megadva."
"Személyes adatai (vagyis azok az adatok, amelyek az Ön személyével kapcsolatba …","What personal data can be collected automatically, and when is this logging done?","In connection with maintaining the internet connection, technical data may be automatically generated about the computer used, the browser program, the internet address, and the pages visited. The system automatically logs this data upon entry and exit, without any separate statement or action by the person concerned."
"Személyes adatai (vagyis azok az adatok, amelyek az Ön személyével kapcsolatba …","Milyen személyes adatok kerülhetnek a kezelésükbe automatikusan, és mikor történik ez a naplózás?","Az internetes kapcsolat fenntartásával összefüggésben automatikusan képződhetnek technikai adatok a használt számítógépről, böngészőprogramról, internetes címről és a látogatott oldalakról. A rendszer az automatikusan rögzítésre kerülő adatot az érintett külön nyilatkozata vagy cselekménye nélkül a belépéskor, illetve kilépéskor automatikusan naplózza."
A Gowinday Kft. minden hozzá beérkezett elektronikus levelet az …,What personal data must be provided during registration?,"During registration, the personal data to be provided are: name, phone number, and email address."
A Gowinday Kft. minden hozzá beérkezett elektronikus levelet az …,Milyen személyes adatokat kell megadni regisztráció során?,"Regisztráció során a megadandó személyes adatok: név, telefonszám, email cím."
"Átadjuk a kibérelt ugrálóvárat, a biztonságos működtetéshez szükséges összes …",What phone number and when can I call about the rental?,The phone number is +36 20 915 2978. It can be called Monday to Friday from 8:00 to 18:00.
"Átadjuk a kibérelt ugrálóvárat, a biztonságos működtetéshez szükséges összes …",Milyen telefonszámon és mikor lehet elérni a bérléssel kapcsolatban?,A telefonszám: +36 20 915 2978. Hétfőtől péntekig 8.00-18.00 óráig hívható.
"Az így begyűjtött adatok anonimak, és nem alkalmasak a Felhasználó személyének …",What privacy information does the text give about Google Analytics and Google LLC?,The collected data is anonymous and cannot be used to identify the User. More information about Google's privacy policy is available here: https://www.google.com/intl/hu/policies/privacy/. Google LLC's data processing in accordance with applicable law is guaranteed by their participation in the “EU-US Privacy Shield” framework; more information: https://www.privacyshield.gov.
"Az így begyűjtött adatok anonimak, és nem alkalmasak a Felhasználó személyének …",Milyen adatvédelmi információkat ad a szöveg a Google Analyticsről és a Google LLC-ről?,"Az így begyűjtött adatok anonimak, és nem alkalmasak a Felhasználó személyének azonosítására. A Google adatvédelmi irányelveiről több információ itt található: https://www.google.com/intl/hu/policies/privacy/. A Google LLC hatályos jogszabályoknak megfelelő adatkezelésére az „EU-USA Adatvédelmi Pajzs” keretrendszerben való részvételük nyújt garanciát, további információ: https://www.privacyshield.gov."
Általános szerződési feltételek - Ugrálóvár Galgamácsa,What products are available in the Ugrálóvár Galgamácsa offer?,"The listed offer includes these products: Ugrálóvár, Jungle Fun, Mega Slide, Obstacle Course Bouncer, Jungle Climb & Slide Jumping Castle, Knights Temple 13 in 1 Jumping Castle, and Party accessories."
Általános szerződési feltételek - Ugrálóvár Galgamácsa,Milyen termékeket találok az Ugrálóvár Galgamácsa kínálatában?,"A felsorolt kínálatban ezek a termékek szerepelnek: Ugrálóvár, Jungle Fun, Mega Slide, Obstacle Course Bouncer, Jungle Climb & Slide Jumping Castle, Knights Temple 13 in 1 Jumping Castle, valamint Parti kellékek."
"helyesbítését, illetve – a kötelező adatkezelések kivételével – törlését …","What rights do I have regarding the correction, deletion, or withdrawal of my personal data?","You may request the correction of your personal data, and—except for mandatory data processing—you may request its deletion and withdrawal. You may also exercise your data portability and objection rights in the manner indicated when the data was collected, or via the data controller’s contact details above."
"helyesbítését, illetve – a kötelező adatkezelések kivételével – törlését …","Milyen jogaim vannak a személyes adataim helyesbítésével, törlésével vagy visszavonásával kapcsolatban?","A személyes adatok helyesbítését, illetve – a kötelező adatkezelések kivételével – törlését és visszavonását kérheti, továbbá élhet adathordozási és tiltakozási jogával az adat felvételénél jelzett módon, illetve az adatkezelő fenti elérhetőségein."
"Bérbeadó továbbá fenntartja a jogot, hogy bármikor, bármilyen változtatást …",What rights does the Landlord have regarding the website?,"The Landlord may make any changes or improvements to the website at any time without prior notice, and also reserves the right to move the website to another domain name."
"Bérbeadó továbbá fenntartja a jogot, hogy bármikor, bármilyen változtatást …",Mire jogosult a Bérbeadó a Honlappal kapcsolatban?,"A Bérbeadó bármikor, bármilyen változtatást, javítást hajthat végre a Honlapon, előzetes figyelmeztetés nélkül, és fenntartja a jogot arra is, hogy a Honlapot más domainnév alá helyezze át."
Házhozszállítást jelenleg nem tudunk vállalni!,What rules apply to securing the bouncy castle and to weather conditions?,"After making sure the bouncy castle does not touch any obstacles, it must be secured through the fixing loops with the available stakes. If the stakes cannot be driven into the ground, the bouncy castle must be tied down with rope. The castles must be secured in EVERY case. Bouncy castles are FORBIDDEN to set up in wind and rain."
Házhozszállítást jelenleg nem tudunk vállalni!,Milyen szabályok vonatkoznak az ugrálóvár rögzítésére és az időjárásra?,"Miután meggyőződtünk róla, hogy az ugrálóvár nem érintkezik semmilyen tereptárggyal, a rendelkezésre álló cövekekkel a rögzítőfüleken keresztül rögzíteni kell. Ha a talajba nem lehet a cövekeket leütni, akkor kötéllel kell kikötni. A várakat MINDEN esetben kötelező rögzíteni. Az ugrálóvárakat szélben és esőben TILOS felállítani."
Biztonsági szabályok,What safety rules are listed in this section?,"In the provided excerpt, only the heading “Safety rules” appears; no specific rules are visible."
Biztonsági szabályok,Milyen biztonsági szabályok szerepelnek ebben a szakaszban?,"A megadott részletben csak a „Biztonsági szabályok” cím szerepel, konkrét szabályok nem láthatók."
"A Szolgáltató megfelelő biztonsági intézkedésekkel gondoskodik arról, hogy a …",What security measure does the Service Provider use for data transfer through the Website?,"The Service Provider uses the HTTPS protocol, which encrypts the data transfer between the User’s computer and the Service Provider’s server."
"A Szolgáltató megfelelő biztonsági intézkedésekkel gondoskodik arról, hogy a …",Milyen biztonsági megoldást használ a Szolgáltató a Weboldalon keresztüli adatátvitelhez?,"A Szolgáltató HTTPS protokollt alkalmaz, amely titkosítja a Felhasználó számítógépe és a Szolgáltató szervere közötti adatátvitelt."
"A Gowinday Kft. olyan műszaki, szervezési és szervezeti intézkedésekkel …",What security principles does Gowinday Kft. apply during data processing?,"Gowinday Kft. protects confidentiality, integrity, and availability: only authorized persons may access the information; the information and processing method remain accurate and complete; and authorized users can actually access the needed information and related tools when required."
"A Gowinday Kft. olyan műszaki, szervezési és szervezeti intézkedésekkel …",Milyen biztonsági elveket alkalmaz a Gowinday Kft. az adatkezelés során?,"A Gowinday Kft. a titkosságot, a sértetlenséget és a rendelkezésre állást őrzi meg: csak az arra jogosultak férhessenek hozzá az információhoz; az információ és a feldolgozás módszere pontos és teljes maradjon; valamint a jogosult használó szükség esetén valóban hozzá tudjon férni a kívánt információhoz és az ehhez szükséges eszközökhöz."
"Jelen dokumentum tartalmazza Stonetex Kft. (székhely: 1035 Budapest, Berend utca …",What service do these terms and conditions apply to?,They apply to customers of the inflatable castle rental service available through the www.ugri.hu website.
"Jelen dokumentum tartalmazza Stonetex Kft. (székhely: 1035 Budapest, Berend utca …",Milyen szolgáltatásra vonatkoznak ezek az ÁSZF-ek?,A www.ugri.hu honlapon keresztül elérhető légvárkölcsönzés szolgáltatás bérlőire vonatkoznak.
"JÁTÉKGÉP JAVÍTÁS, SZERVIZ",What services are mentioned in this section?,"The section mentions the following: arcade machine repair, service, arcade machine parts, services, event, and long-term rental."
"JÁTÉKGÉP JAVÍTÁS, SZERVIZ",Milyen szolgáltatásokat említ a szakasz?,"A szakasz a következőket említi: játékgép javítás, szerviz, játékgép alkatrészek, szolgáltatások, rendezvény és tartós bérlet."
"a fogyasztó nyilatkozatát arra nézve, hogy az ügyben más békéltető testület …",What should be attached if the consumer acts through an authorized representative?,"If the consumer acts through a representative, the power of attorney must be attached to the application."
"a fogyasztó nyilatkozatát arra nézve, hogy az ügyben más békéltető testület …","Mi a teendő, ha a fogyasztó meghatalmazott útján jár el?","Ha a fogyasztó meghatalmazott útján jár el, a kérelemhez csatolni kell a meghatalmazást."
Szabadtéri használat esetén a légvár kizárólag 10 °C feletti hőmérséklet …,What should be done in case of sudden rain or strong wind?,"In case of sudden rain or strong wind, use of the bouncy castle must be stopped immediately."
Szabadtéri használat esetén a légvár kizárólag 10 °C feletti hőmérséklet …,Mit kell tenni váratlan eső vagy erős szél esetén?,Váratlan eső vagy erős szél esetén a légvár használatát azonnal meg kell szakítani.
A foglalás vége,What should be entered in the note field during booking?,"The field is labeled “Note, special request, clarification,” so this is where you can add any special request or clarification."
A foglalás vége,Mit kell megadni a foglalásnál a megjegyzés mezőben?,"A mező neve: „Megjegyzés, külön kérés, pontosítás”, vagyis itt lehet külön kérés vagy pontosítás megadni."
Megjegyzés rovatban fel kell tüntetni a foglalási azonosítót.,What should be included in the notes field?,The booking ID must be included in the notes field.
Megjegyzés rovatban fel kell tüntetni a foglalási azonosítót.,Mit kell feltüntetni a megjegyzés rovatban?,A megjegyzés rovatban a foglalási azonosítót kell feltüntetni.
A helyeket nem tudjuk ellenőrizni és nem vállalunk felelősséget a valótlan vagy …,"What should I do if I find that the content is false, outdated, or offensive?","If you learn that the content is false, outdated, or offensive to any private person, legal entity (Kft.; Rt.), or non-legal entity (Bt.; KKT.; KHT.), contact us and we will modify or delete the content."
A helyeket nem tudjuk ellenőrizni és nem vállalunk felelősséget a valótlan vagy …,"Mi a teendő, ha kiderül, hogy a tartalom hamis, elavult vagy sértő?","Ha tudomására jut, hogy a tartalom hamis, elavult vagy sértő bármely magánszemély, jogi személyiségű (Kft.; Rt.) vagy nem jogi személyiségű (Bt.; KKT.; KHT.) részére, vegye fel velünk a kapcsolatot, és a tartalmat módosítjuk vagy töröljük."
Amennyiben a Bérlő véglegesítette rendelését és a megadott adatokban hibát fedez …,What should I do if I notice an incorrect detail in my finalized order?,"You must initiate the cancellation of your order as soon as possible, and then you can place the order again with the correct data."
Amennyiben a Bérlő véglegesítette rendelését és a megadott adatokban hibát fedez …,"Mit kell tennem, ha a véglegesített rendelésben hibás adatot fedezek fel?","A lehető legrövidebb időn belül kezdeményeznie kell a rendelése törlését, majd a helyes adatokat tartalmazó rendelést újra feladhatja."
"Ha a bérelt eszköz Bérlőnek felróható okból meghibásodik, megsérül, Bérlő …",What should I do if the rented equipment breaks down or gets damaged?,The Renter must immediately notify the Lessor in writing of any malfunctions or damage at ugralovar.galgamacsa@gmail.com.
"Ha a bérelt eszköz Bérlőnek felróható okból meghibásodik, megsérül, Bérlő …","Mi a teendő, ha a bérelt eszköz meghibásodik vagy megsérül?","A Bérlő köteles a meghibásodásokat és sérüléseket azonnal, írásos formában jelezni a Bérbeadónak az ugralovar.galgamacsa@gmail.com e-mail címen."
ÁLTALÁNOS_SZERZŐDÉSI_FELTÉTELEK_ASZF_PDF,"What specific prices, fees, percentages, or deposit amounts are listed in this section?","The provided excerpt does not include any specific prices, fees, percentages, or deposit amounts."
ÁLTALÁNOS_SZERZŐDÉSI_FELTÉTELEK_ASZF_PDF,"Milyen konkrét árak, díjak vagy kaucióösszegek szerepelnek ebben a részben?","A megadott részletben nem szerepelnek konkrét árak, díjak, százalékok vagy kaucióösszegek."
"a fogyasztó nyilatkozatát arra nézve, hogy az ügyben más békéltető testület …",What statement must be attached to the conciliation body application regarding prior proceedings?,"The application must include the consumer’s declaration that no other conciliation body proceeding has been initiated in the matter, no mediation has started, and no statement of claim has been filed, nor has an application for issuance of a payment order been submitted."
"a fogyasztó nyilatkozatát arra nézve, hogy az ügyben más békéltető testület …","Milyen nyilatkozatot kell csatolni a békéltető testületi kérelemhez arról, hogy a fogyasztó korábban nem indított más eljárást?","A kérelemhez csatolni kell a fogyasztó nyilatkozatát arról, hogy az ügyben más békéltető testület eljárását nem kezdeményezte, közvetítői eljárás nem indult, keresetlevél beadására, illetve fizetési meghagyás kibocsátása iránti kérelem előterjesztésére nem került sor."
A légvárak szállítására elegendő egy személyautó.,"What surface should the inflatable castle be set up on, and what surfaces are prohibited?","The inflatable castle must be set up on lawn or grassy ground. It must not be placed on gravel, concrete or paving stones, muddy or waterlogged ground, sandy, dusty or dry surfaces, near thorny or prickly plants, near fire or hot surfaces (such as a barbecue, grill, fire, campfire, or cauldron), or near designated smoking areas."
A légvárak szállítására elegendő egy személyautó.,"Mire kell felállítani az ugrálóvárat, és milyen felületekre nem szabad helyezni?","Az ugrálóvárat pázsit és füves felületre kell felállítani. Nem szabad kavicsos felületre, betonra és térkőre, saras-elázott földre, homokos, poros, száraz felületre, tüskés, szúró növények közelébe, tűz és forró felületek közelébe (szalonnasütő, grillsütő, tűz, tábortűz, bogrács közelébe), illetve dohányzásra kijelölt hely közelébe helyezni."
"JAVÍTÁS, SZERVIZ",What topics appear in the news section of the site?,"The news section includes items such as: “ÍGY KERÜLTÜNK KÉPERNYŐRE, JÁTÉKGÉP BÉRLÉS DÍSZLETNEK”, “MINDEN AUTOMATÁT BE KELL JELENTENI A NAV-HOZ? A ZSETONOS AUTOMATÁKAT NEM”, “CSOCSÓ ASZTAL BÉRLÉS A FOCI VB-RE OKOSAN”, and “JÁTÉKGÉP BEMUTATÓ – VIDEÓJÁTÉK – CODE: TRINITY”."
"JAVÍTÁS, SZERVIZ",Milyen témájú tartalmak szerepelnek az oldalon a hírek között?,"A hírek között szerepel például: „ÍGY KERÜLTÜNK KÉPERNYŐRE, JÁTÉKGÉP BÉRLÉS DÍSZLETNEK”, „MINDEN AUTOMATÁT BE KELL JELENTENI A NAV-HOZ? A ZSETONOS AUTOMATÁKAT NEM”, „CSOCSÓ ASZTAL BÉRLÉS A FOCI VB-RE OKOSAN”, valamint „JÁTÉKGÉP BEMUTATÓ – VIDEÓJÁTÉK – CODE: TRINITY”."
A KARAMBOL BILIÁRD JÁTÉKSZABÁLYAI,What topics are included among the listed rules and articles?,"The listed titles include, for example, carom billiards, REX, shuffleboard, roulette, Texas Hold’em poker, black jack, dice/craps, trampoline use, table tennis, foosball, machine rental, foosball table rental, and a video game demo."
A KARAMBOL BILIÁRD JÁTÉKSZABÁLYAI,Milyen témák szerepelnek a felsorolt szabályok és cikkek között?,"A felsorolt címek között szerepelnek például a KARAMBOL biliárd, REX, shuffleboard, rulett, Texas Hold’em póker, black jack, dice/craps, trambulin, asztalitenisz, csocsó, játékgép bérlés, csocsóasztal bérlés és videójáték bemutató."
"Garlando csocsó bérlés, XXL csocsó, óriás csocsó bérlés, Darts gép bérlés, Darts …",What topics are included in the provided section?,"The section includes the following topics: football rental for events, beer bench set rental for events, game rules, foosball rules, darts rules, Euro Dart darts machine game description, Modernova darts machine game description, 8-ball pool billiards rules, and 9-ball pool billiards rules."
"Garlando csocsó bérlés, XXL csocsó, óriás csocsó bérlés, Darts gép bérlés, Darts …",Milyen témák szerepelnek a megadott részben?,"A részben a következő témák szerepelnek: foci bérlése rendezvényre, sörpad garnitúra bérlés rendezvényre, játékszabályok, a csocsó játékszabályai, a darts játékszabályai, Euro Dart darts gép játékleírása, Modernova darts gép játékleírása, a 8-as pool biliárd játékszabályai, és a 9-es pool biliárd játékszabályai."
ÁLTALÁNOS_SZERZŐDÉSI_FELTÉTELEK_ASZF_PDF,When are the games and equipment delivered and collected?,The provided excerpt does not specify any delivery or pickup times.
ÁLTALÁNOS_SZERZŐDÉSI_FELTÉTELEK_ASZF_PDF,Mikor történik a játékok és eszközök szállítása és visszavétele?,A megadott részletben nincs feltüntetve szállítási vagy visszavételi időpont.
Az ugrálóvárak felállítása és üzemeltetési szabályok,When are the rental details discussed and finalized?,The details are discussed and finalized during the week of the rental.
Az ugrálóvárak felállítása és üzemeltetési szabályok,Mikor egyeztetik és pontosítják a bérlés részleteit?,"A bérlés hetén egyeztetjük, pontosítjuk a részleteket."
Esőnapot csak abban az esetben áll módunkban biztosítani amennyiben a bérlést …,When can a rain date be provided for the rental?,A rain date can only be provided if the rental has not yet started.
Esőnapot csak abban az esetben áll módunkban biztosítani amennyiben a bérlést …,Mikor biztosítható esőnap a bérléshez?,"Esőnapot csak abban az esetben áll módunkban biztosítani, amennyiben a bérlést nem kezdték meg."
"Az adatok törlése nem kezdeményezhető, ha az adatkezelés szükséges: a …",When can deletion of personal data not be initiated?,"Deletion of personal data cannot be initiated if processing is necessary for exercising the right to freedom of expression and information; for compliance with a legal obligation under Union or Member State law applicable to the controller, or for performing a task carried out in the public interest or in the exercise of official authority vested in the controller; for reasons of public health, or for archiving, scientific and historical research, or statistical purposes in the public interest; or for the establishment, exercise, or defense of legal claims."
"Az adatok törlése nem kezdeményezhető, ha az adatkezelés szükséges: a …",Mikor nem kezdeményezhető az adatok törlése?,"Az adatok törlése nem kezdeményezhető, ha az adatkezelés szükséges a véleménynyilvánítás szabadságához és a tájékozódáshoz való jog gyakorlásához; az adatkezelőre alkalmazandó uniós vagy tagállami jog szerinti kötelezettség teljesítéséhez, illetve közérdekből vagy az adatkezelőre ruházott közhatalmi jogosítvány gyakorlása keretében végzett feladat végrehajtásához; a népegészség-ügy, archiválási, tudományos és történelmi kutatási vagy statisztikai célból, közérdek alapján; vagy jogi igények előterjesztéséhez, érvényesítéséhez, illetve védelméhez."
Lemondás,"When can I cancel the contract, and do I have to pay for it?","The contract can be cancelled in writing up to the 3rd day before installation, and this is free of charge. If the cancellation is made later than that, the 20% deposit is non-refundable."
Lemondás,"Mikor mondhatom le a szerződést, és kell-e fizetnem ezért?","A szerződést a telepítés előtti 3. napig írásban lehet lemondani, és ez díjmentes. Ha a lemondás ennél később történik, a 20%-os foglaló nem jár vissza."
Az adathordozhatósághoz való jogA Felhasználó a Szolgáltató fent megadott …,"When can I object to data processing, and how long will it take to review my request?","The User may object in writing via the Service Provider’s contact details provided above to the processing of their data if the Service Provider would transfer or use their data for direct marketing purposes. The Service Provider will review this request as soon as possible, but no later than within 25 days, and will inform the User of the result by letter sent to the contact details provided by the User."
Az adathordozhatósághoz való jogA Felhasználó a Szolgáltató fent megadott …,"Mikor tiltakozhatok az adatkezelés ellen, és mennyi idő alatt vizsgálják meg a kérelmet?","A Felhasználó a Szolgáltató fent megadott elérhetőségein keresztül írásban tiltakozhat az adatkezelés ellen, ha a Szolgáltató az adatait közvetlen üzletszerzési célra továbbítaná vagy felhasználná. A Szolgáltató ezt a kérést mihamarabb, de legfeljebb 25 napon belül megvizsgálja, és az eredményről a Felhasználót az általa megadott elérhetőségére küldött levélben tájékoztatja."
"GARLANDO CSOCSÓ ASZTAL ÉRMEVIZSGÁLÓ JAVÍTÁS, FELÚJÍTÁS",When can I reach the company by phone?,"They can be called on weekdays during working hours from 08:00 to 17:00; at other times, please send a message."
"GARLANDO CSOCSÓ ASZTAL ÉRMEVIZSGÁLÓ JAVÍTÁS, FELÚJÍTÁS",Mikor lehet telefonon elérni a céget?,"Hétközben munkaidőben 08:00–17:00 között hívható, egyéb időszakokban üzenetet kérnek."
Átvétel,When can the bounce house be picked up?,"The bounce house may be picked up by the customer from 7:00 PM on the previous day, at a time agreed in advance with the lessor. If pickup does not take place on the previous day, then the customer may pick up the rental on the given day between 6:00 and 9:00. In this case, the lessor provides the time and conditions necessary for pickup so that it does not interfere with proper use."
Átvétel,Mikor vehető át az ugrálóvár?,"Az ugrálóvárat a megrendelő fél átveheti az előző napon 19 órától, a bérbeadóval előre egyeztetett időpontban. Ha az átvétel az előző napon nem történik meg, akkor a megrendelő fél a bérlést az adott napon 6 és 9 óra között veheti át. Ebben az esetben a bérbeadó biztosítja az átvételhez szükséges időt és feltételeket, úgy hogy az a rendeltetésszerű használatot ne zavarja."
Bérlő a megrendelt termék bérlését csak a teljes bérleti díj kifizetését …,When can the Lessee start renting the ordered product?,The Lessee may start renting the ordered product only after the full rental fee has been paid.
Bérlő a megrendelt termék bérlését csak a teljes bérleti díj kifizetését …,Mikor kezdheti meg a Bérlő a megrendelt termék bérlését?,A Bérlő a megrendelt termék bérlését csak a teljes bérleti díj kifizetését követően kezdheti meg.
A szerződés teljesítésétől számított hat hónapon belül a kellékszavatossági …,When can the Lessor be released from warranty liability?,"The Lessor may be released if it rebuts the presumption that the defect existed before delivery, meaning it proves that the defect arose after the product was handed over to the Lessee. If it can prove that the defect was caused by a reason attributable to the Lessee, it is not obliged to accept the warranty claim."
A szerződés teljesítésétől számított hat hónapon belül a kellékszavatossági …,Mikor mentesülhet a Bérbeadó a szavatosság alól?,"A Bérbeadó akkor mentesülhet, ha megdönti azt a vélelmet, hogy a hiba a termék átadása előtt már fennállt, vagyis bizonyítja, hogy a termék hibája a Bérlő részére történő átadást követően keletkezett. Ha bizonyítani tudja, hogy a hiba oka a Bérlőnak felróható okból keletkezett, nem köteles a szavatossági igénynek helyt adni."
Amennyiben az eszközök extrém szennyeződés miatt tisztításra szorulnak (extra …,When can the lessor charge a cleaning fee?,"If the equipment needs cleaning due to extreme soiling, for example if it is excessively muddy, dirty, sandy, or has residue-leaving adhesive tapes on it — especially leukoplast, stain, etc. — the lessor may charge a cleaning fee per item."
Amennyiben az eszközök extrém szennyeződés miatt tisztításra szorulnak (extra …,Mikor számíthat fel a Bérbeadó tisztítási díjat?,"Ha az eszközök extrém szennyeződés miatt tisztításra szorulnak, például ha extra módón sarasak, koszosak, homokosak, vagy nyomot hagyó ragasztó szalagokkal — különösen leukoplaszttal, folttal stb. — szennyezettek, a Bérbeadó egyes tételenkénti tisztítási díjat számíthat fel."
A bérlet eszközök átvételére közösen egyeztetett időpontban van lehetőség …,When can the rental equipment be picked up?,The rental equipment can be picked up in the morning at a time agreed in advance by both parties.
A bérlet eszközök átvételére közösen egyeztetett időpontban van lehetőség …,Mikor lehet átvenni a bérlet eszközöket?,A bérlet eszközök átvételére közösen egyeztetett időpontban van lehetőség délelőtt.
A már bérlésben lévő ugrálóvárak esetében NEM tudunk felelősséget vállalni:,When can you not take responsibility for a bouncy castle that is already rented?,"For bouncy castles already in rental, we cannot take responsibility due to power outages, weather changes, family problems, and other reasons beyond our control."
A már bérlésben lévő ugrálóvárak esetében NEM tudunk felelősséget vállalni:,Mikor nem tudtok felelősséget vállalni egy már bérlésben lévő ugrálóvár esetében?,"Már bérlésben lévő ugrálóvárak esetében nem tudunk felelősséget vállalni áramszünet miatt, időjárás változás miatt, családi problémák és egyéb rajtunk kívül álló okok miatt."
Kölcsönzés feltételei - Ugrálóbérlés,When do delivery and installation take place?,"Delivery and installation usually take place on the morning of the ordered day, at a pre-arranged time. The exact time is confirmed by the provider after the order."
Kölcsönzés feltételei - Ugrálóbérlés,Mikor van a kiszállítás és az elhelyezés?,"A kiszállítás és az elhelyezés általában a megrendelt nap reggelén, előre egyeztetett időpontban történik. A pontos időpontot a szolgáltató a megrendelés után egyezteti."
Szállítás,"When do delivery and pickup happen, and do I need to prepare a suitable place in advance?","Delivery and pickup take place on the day of order fulfillment, between 10:00 and 12:00. The customer must prepare a suitable place for the bouncy castle in advance and must be present at the location during delivery/pickup."
Szállítás,"Mikor történik a szállítás és az elszállítás, és kell-e a megfelelő helyet előre biztosítani?","A szállítás és az elszállítás a rendelés végrehajtásának napján, 10-12 óra között történik. A megrendelőnek az ugrálóvár számára megfelelő helyet előre biztosítania kell, és köteles a szállítás/elszállítás ideje alatt a helyszínen tartózkodni."
"A kiszállítás jellemzően 08:00 és 11:00 óra között, az elszállítás 18:00 és …",When do delivery and pickup usually take place?,"Delivery usually takes place between 08:00 and 11:00, and pickup between 18:00 and 21:00. For custom orders, these times may change."
"A kiszállítás jellemzően 08:00 és 11:00 óra között, az elszállítás 18:00 és …",Mikor történik a kiszállítás és az elszállítás?,"A kiszállítás jellemzően 08:00 és 11:00 óra között, az elszállítás pedig 18:00 és 21:00 óra között történik. Egyedi megrendelés esetén az időpontok módosulhatnak."
Készpénzes fizetés:,When do I have to pay the service fee in cash?,The service fee must always be paid on site in cash.
Készpénzes fizetés:,Mikor kell készpénzben fizetni a szolgáltatás díját?,"A szolgáltatás díját minden esetben a helyszínen, készpénzben kell megfizetni."
Szolgáltató jogosult jelen Általános Szerződési Feltételeket a Bérlők Honlapon …,When do the amended provisions become effective against the Renter?,The amended provisions become effective against the Renter upon the first use of the website after they enter into force.
Szolgáltató jogosult jelen Általános Szerződési Feltételeket a Bérlők Honlapon …,Mikor válnak hatályossá a módosított rendelkezések a Bérlővel szemben?,A módosított rendelkezések a hatályba lépést követően a Honlap első használata alkalmával válnak hatályossá Bérlővel szemben.
A bérlet eszközök átvételére közösen egyeztetett időpontban van lehetőség …,When do the bouncy castles have to be returned?,"The bouncy castles must be returned on the last day of the rental, at a time agreed in advance with the lessor."
A bérlet eszközök átvételére közösen egyeztetett időpontban van lehetőség …,Mikor kell visszavinni az ugrálóvárakat?,"Az ugrálóvárakat a bérlés végének napján, a bérbeadóval előzetesen leegyeztetett időben kell visszavinni."
Jelen Általános Szerződési Feltételek hatályba lépésének ideje: 2022.07.01.,When do these General Terms and Conditions take effect?,The effective date of these General Terms and Conditions is 2022.07.01.
Jelen Általános Szerződési Feltételek hatályba lépésének ideje: 2022.07.01.,Mikor léptek hatályba a jelen Általános Szerződési Feltételek?,A jelen Általános Szerződési Feltételek hatályba lépésének ideje: 2022.07.01.
Az egyeztetést vagy online foglalást követően a foglalást e-mailben/ telefonon …,When do you discuss the event details?,We discuss the details by phone a few days before the event.
Az egyeztetést vagy online foglalást követően a foglalást e-mailben/ telefonon …,Mikor egyeztetitek a rendezvény részleteit?,A rendezvény előtt pár nappal telefonon egyeztetjük a részleteket.
A kölcsönzés feltételei:,"When does delivery and pickup take place if the renter can only receive the inflatable after 08:00, and when does the transport staff return for the game?","The renter must be available until 8:00 a.m. If they can only receive the game after 08:00, they must arrange this in advance and wait for the transport staff. The time of pickup and dismantling is agreed separately by the parties, but the transport staff can return for the game no earlier than 17:00."
A kölcsönzés feltételei:,"Mikor történik a kiszállítás és az elszállítás, ha a bérlő 08:00 után tudja átvenni a játékot, és mikor érkezik vissza a szállító a játékért?","A bérlőnek délelőtt 8 óráig kell rendelkezésre állnia. Ha csak 08:00 után tudja átvenni a játékot, a bérlőnek előre kell egyeztetnie, és be kell várnia a szállító kollégákat. Az elszállítás és szétbontás időpontját a szerződő felek külön egyeztetik, de a szállító legkorábban 17:00-tól tud visszamenni a játékért."
Általános Szerződési Feltételek (ÁSZF) - Ugrálóvár Bérlés Debrecen,"When does delivery to the site happen, and when must parking access be provided if the schedule has to be used exactly?","The exact delivery time is agreed in advance, but the provided excerpt does not contain specific delivery times or parking-access rules. These details must be arranged during the order process."
Általános Szerződési Feltételek (ÁSZF) - Ugrálóvár Bérlés Debrecen,"Mikor történik a helyszínre kiszállítás, és mikor kell biztosítani a kocsibeállást, ha az órarendet pontosan ki kell használni?","A szállítás pontos időpontját egyeztetik, de a helyszínre kiszállítás feltételeit és az időpontokat a megrendelés során kell egyeztetni. A megadott részlet nem tartalmaz konkrét időpontokat a kiszállításra vagy a kocsibeállásra."
A Gowinday Kft. a hatóságok részére – amennyiben a hatóság a pontos célt és az …,When does Gowinday Kft. disclose personal data to authorities?,Gowinday Kft. only discloses personal data to authorities if the authority has specified the exact purpose and the scope of the data.
A Gowinday Kft. a hatóságok részére – amennyiben a hatóság a pontos célt és az …,Mikor ad ki a Gowinday Kft. személyes adatot a hatóságok részére?,"A Gowinday Kft. csak akkor ad ki személyes adatot a hatóságok részére, ha a hatóság a pontos célt és az adatok körét megjelölte."
"Az érintett kérésére a Gowinday Kft. korlátozza az adatkezelést, ha az alábbi …",When does Gowinday Kft. restrict data processing at the data subject’s request?,"At the data subject’s request, Gowinday Kft. restricts data processing if the data subject disputes the accuracy of the personal data; if the processing is unlawful and the data subject opposes deletion and instead requests restriction of use; if the controller no longer needs the personal data for processing purposes but the data subject needs them for the establishment, exercise or defense of legal claims; or if the data subject has objected to the processing."
"Az érintett kérésére a Gowinday Kft. korlátozza az adatkezelést, ha az alábbi …",Mikor korlátozza a Gowinday Kft. az adatkezelést az érintett kérésére?,"Az érintett kérésére a Gowinday Kft. korlátozza az adatkezelést, ha az érintett vitatja a személyes adatok pontosságát; ha az adatkezelés jogellenes, és az érintett a törlés helyett a felhasználás korlátozását kéri; ha az adatkezelőnek már nincs szüksége a személyes adatokra, de az érintett jogi igények előterjesztéséhez, érvényesítéséhez vagy védelméhez igényli azokat; vagy ha az érintett tiltakozott az adatkezelés ellen."
Elszámolás,When does settlement take place and what else do I need to pay if I ordered the bouncy castle?,"Settlement takes place together with the order confirmation, by paying 100% of the total rental fee. The rental fee must be paid in advance, no later than 3 days before the event. During the reconciliation, the customer must confirm the agreement, and then the booking is recorded by the company."
Elszámolás,"Mikor történik az elszámolás és mit kell még fizetnem, ha megrendeltem a légvárat?","Az elszámolás a megrendelés visszaigazolásával együtt történik, a teljes bérleti díj 100%-ának megfizetésével. A bérleti díj előre fizetendő, legkésőbb az esemény előtt 3 nappal. Az összeszámítás során a megrendelőnek vissza kell igazolnia az egyezést, és ezután a foglalás a vállalkozás részéről rögzítésre kerül."
A foglalás kezdete,When does the booking start?,The booking starts at the pre-arranged time after personal coordination.
A foglalás kezdete,Mikor kezdődik a foglalás?,A foglalás kezdete a személyes egyeztetés után az előre egyeztetett időpontban van.
Általános szerződési feltételek,"When does the contract take effect, and when does it end automatically?","According to the intermediary, the contract takes effect when Istenhegyi Bouncy Castles Kft. confirms the availability of the requested items, and it ends automatically when both parties have performed their obligations."
Általános szerződési feltételek,"Mikor lép hatályba a szerződés, és mikor szűnik meg automatikusan?","A szerződés a közvetítő által írtak szerint akkor lép hatályba, amikor az Istenhegyi Bouncy Castles Kft. visszaigazolja az igényelt elemek elérhetőségét, és automatikusan megszűnik a felek teljesítésével."
"Bérbeadó a megrendeléseket a Bérbevevő által megküldött, úgynevezett jóváhagyó …","When does the Lessor record the order, and when is the booking considered final?",The Lessor records the order upon receipt of the approval e-mail sent by the Lessee. The booking is considered final only when the approval e-mail accepting the quotation has been received by the Lessor.
"Bérbeadó a megrendeléseket a Bérbevevő által megküldött, úgynevezett jóváhagyó …","Mikor rögzíti a Bérbeadó a megrendelést, és mikor tekinti véglegesnek a foglalást?","A Bérbeadó a megrendelést a Bérbevevő által megküldött jóváhagyó e-mail kézhezvételekor rögzíti. A foglalás csak akkor végleges, ha az árajánlatot elfogadó jóváhagyó e-mail megérkezett a Bérbeadóhoz."
"Bérlő az eszközöket Bérbeadó telephelyére szállítja vissza a foglalásban, vagy …",When does the renter have to return the equipment to the lessor’s site?,"At the time specified in the booking, or at a later time agreed in writing/by phone and confirmed by the Lessor."
"Bérlő az eszközöket Bérbeadó telephelyére szállítja vissza a foglalásban, vagy …",Mikor kell a bérlőnek visszaszállítania az eszközöket a bérbeadó telephelyére?,"A foglalásban meghatározott időpontban, vagy egy később írásban/telefonon egyeztetett és a Bérbeadó által visszaigazolt időpontban."
Bérlőnak fizetési kötelezettsége a Szolgáltató e-mailjének megérkezésével …,When does the renter's payment obligation arise?,The renter's payment obligation arises when the Service Provider's email is received.
Bérlőnak fizetési kötelezettsége a Szolgáltató e-mailjének megérkezésével …,Mikor keletkezik a bérlő fizetési kötelezettsége?,A bérlő fizetési kötelezettsége a Szolgáltató e-mailjének megérkezésével keletkezik.
Jelen ÁSZF-re a magyar jog az irányadó. A Szolgáltató fenntartja a jogot az ÁSZF …,When is customer service available?,Opening hours: Mon-Sun: 08:00 - 20:00.
Jelen ÁSZF-re a magyar jog az irányadó. A Szolgáltató fenntartja a jogot az ÁSZF …,Mikor érhető el az ügyfélszolgálat?,Nyitvatartás: H-V: 08:00 - 20:00.
"az esetlegesen bekövetkezett balesetekért, sérülésekért nem tudunk felelősséget …",When is it allowed to deflate the bouncy castle?,The bouncy castle may only be deflated when there is no one in it anymore.
"az esetlegesen bekövetkezett balesetekért, sérülésekért nem tudunk felelősséget …",Mikor szabad leengedni az ugrálóvárat?,"Az ugrálóvárat csak akkor szabad leengedni, ha már nincs benne senki."
Amennyiben párhuzamosan többen is ugyanazon eszközt kívánják megrendelni …,When is the booking considered final?,The booking is considered final only after the deposit amount has been received.
Amennyiben párhuzamosan többen is ugyanazon eszközt kívánják megrendelni …,Mikor tekintik véglegesnek a foglalást?,A foglalást csak a kaució összegének beérkezése után tekinti véglegesnek a Bérbeadó.
Kapcsolat | GYIK | Bérlés feltétele | Facebook | Instagram,When is the bouncy castle delivered and picked up?,"Delivery usually happens at a time agreed with the renter, and pickup also follows the agreed time. The provided text does not specify a concrete clock time or hour."
Kapcsolat | GYIK | Bérlés feltétele | Facebook | Instagram,Mikor szállítják ki és mikor viszik vissza az ugrálóvárat?,"A kiszállítás időpontja általában a bérlővel egyeztetett időben történik, és a visszaszállítás is az egyeztetett időpont szerint történik. A megadott szövegben konkrét időpont vagy óra nincs feltüntetve."
"Bérbeadó jogosult a Bérleti szerződés azonnali felmondására abban az esetben, ha …",When is the Lessor entitled to immediately terminate the rental agreement?,"The Lessor is entitled to immediately terminate the rental agreement if the Lessee breaches the obligations undertaken in the contract, especially if the rented equipment is used improperly."
"Bérbeadó jogosult a Bérleti szerződés azonnali felmondására abban az esetben, ha …",Mikor jogosult a Bérbeadó a Bérleti szerződés azonnali felmondására?,"A Bérbeadó jogosult a Bérleti szerződés azonnali felmondására, ha a Bérlő megszegi a szerződésben vállalt kötelezettségeit, különösen ha a bérelt eszközt nem rendeltetésszerűen használja."
"Ha az adatkezelés korlátozás alá esik, a személyes adatokat a tárolás …",When may personal data subject to restriction of processing be processed beyond storage?,"If processing is restricted, personal data may, apart from storage, only be processed with the data subject's consent, or for the establishment, exercise or defense of legal claims, or for the protection of the rights of another natural or legal person, or for important reasons of public interest of the Union or of a Member State."
"Ha az adatkezelés korlátozás alá esik, a személyes adatokat a tárolás …",Mikor kezelhetők a korlátozott adatkezelés alá eső személyes adatok a tároláson kívül?,"Ha az adatkezelés korlátozás alá esik, a személyes adatokat a tárolás kivételével csak az érintett hozzájárulásával, vagy jogi igények előterjesztéséhez, érvényesítéséhez vagy védelméhez, vagy más természetes vagy jogi személy jogainak védelme érdekében, vagy az Unió, illetve valamely tagállam fontos közérdekéből lehet kezelni."
"Az érintett jogosult arra, hogy a saját helyzetével kapcsolatos okokból bármikor …",When may the controller continue processing personal data after an objection?,"After an objection, the controller may not continue processing the personal data unless there are compelling legitimate grounds that override the interests, rights and freedoms of the data subject, or the processing is related to the establishment, exercise or defence of legal claims."
"Az érintett jogosult arra, hogy a saját helyzetével kapcsolatos okokból bármikor …",Mikor kezelheti tovább az adatkezelő a személyes adatokat tiltakozás után?,"Tiltakozás esetén az adatkezelő a személyes adatokat nem kezelheti tovább, kivéve, ha azt olyan kényszerítő erejű jogos okok indokolják, amelyek elsőbbséget élveznek az érintett érdekeivel, jogaival és szabadságaival szemben, vagy amelyek jogi igények előterjesztéséhez, érvényesítéséhez vagy védelméhez kapcsolódnak."
A bérlés kifizetésére az eszköz átvétele előtt kerül sor.,When must the rental be paid?,The rental must be paid before the equipment is received.
A bérlés kifizetésére az eszköz átvétele előtt kerül sor.,Mikor kell kifizetni a bérlést?,A bérlés kifizetésére az eszköz átvétele előtt kerül sor.
Bérlési feltételek,When must the rental fee be paid?,The renter must pay the rental fee in cash upon receiving the castle.
Bérlési feltételek,Mikor kell a bérleti díjat megfizetni?,"A bérleti díjat a megrendelőnek a kastély átvételekor, készpénzben kell megfizetnie. A bérleti díjat a megrendelőnek a kastély átvételekor, készpénzben kell megfizetnie."
"Hiba, kár, javítás, csere","When must the renter report a fault or damage, and what should they do?",The renter must notify the lessor immediately about any fault or damage and may not continue using the affected equipment in order to prevent further damage. The renter must cooperate in fixing the fault or arranging a replacement.
"Hiba, kár, javítás, csere","Mikor köteles a bérlő a felmerült hibát vagy kárt jelezni, és hogyan kell eljárni?","A bérlő köteles a hibát vagy kárt haladéktalanul jelezni a bérbeadónak, és az érintett eszközt a további károsodás megelőzése érdekében nem használhatja tovább. A bérlő köteles együttműködni a hiba elhárításában vagy a csere megszervezésében."
"Fizetés készpénzben a helyszínen, a bérlés kezdetekor vagy telephelyünkön a 1181 …",Where and when do I have to pay the rental fee?,"In cash, on site at the start of the rental, or at the company’s premises at 1181 Budapest, Baross utca 15."
"Fizetés készpénzben a helyszínen, a bérlés kezdetekor vagy telephelyünkön a 1181 …",Hol és mikor kell fizetni a bérleti díjat?,"Készpénzben, a helyszínen a bérlés kezdetekor, vagy a telephelyen a 1181 Budapest, Baross utca 15. címen."
A megrendelést leadhatja az ugralovar.galgamacsa@gmail.com email címre az alábbi …,Where and with what details can I submit the order?,"You can send the order to ugralovar.galgamacsa@gmail.com. The renter’s details are required: name, address, place and date of birth, mother’s name, phone number, email address, and ID number. If the person receiving the item is different from the renter, the receiver’s details are also needed: name, address, place and date of birth, mother’s name, phone number, email address, and ID number."
A megrendelést leadhatja az ugralovar.galgamacsa@gmail.com email címre az alábbi …,Hova és milyen adatokkal lehet leadni a megrendelést?,"A megrendelést az ugralovar.galgamacsa@gmail.com email címre lehet elküldeni. A bérlő adatai szükségesek: név, cím, születési hely és idő, anyja neve, telefonszám, e-mail cím, szig. szám. Ha az átvevő eltér a bérlőtől, az átvevő adatai is kellenek: név, cím, születési hely és idő, anyja neve, telefonszám, e-mail cím, szig. szám."
Lehetőségek jogérvényesítésreA Felhasználó adatkezeléssel kapcsolatos …,Where can I contact you with questions or comments about data processing?,"For questions or comments related to data processing, you can contact the Service Provider at foglalas@ugraloberles.hu."
Lehetőségek jogérvényesítésreA Felhasználó adatkezeléssel kapcsolatos …,Hová fordulhatok az adatkezeléssel kapcsolatos kérdéseimmel vagy észrevételeimmel?,Az adatkezeléssel kapcsolatos kérdéseivel és észrevételeivel a foglalas@ugraloberles.hu e-mail címen keresztül érheti el a Szolgáltatót.
"helyesbítését, illetve – a kötelező adatkezelések kivételével – törlését …",Where can I exercise my data portability and objection rights?,"You may exercise your data portability and objection rights in the manner indicated when the data was collected, or via the data controller’s contact details above."
"helyesbítését, illetve – a kötelező adatkezelések kivételével – törlését …",Hol tudom gyakorolni az adathordozási és tiltakozási jogomat?,"Az adathordozási- és tiltakozási jogával az adat felvételénél jelzett módon, illetve az adatkezelő fenti elérhetőségein élhet."
Lehetőségek jogérvényesítésreA Felhasználó adatkezeléssel kapcsolatos …,Where can I file a complaint about data processing?,"You can file a complaint with the National Authority for Data Protection and Freedom of Information (Nemzeti Adatvédelmi és Információszabadság Hatóság), address: 1125 Budapest, Szilágyi Erzsébet fasor 22/c., website: www.naih.hu."
Lehetőségek jogérvényesítésreA Felhasználó adatkezeléssel kapcsolatos …,"Hová fordulhatok, ha adatkezeléssel kapcsolatos panaszom van?","Adatkezeléssel kapcsolatos panaszával a Nemzeti Adatvédelmi és Információszabadság Hatósághoz fordulhat, amelynek címe: 1125 Budapest, Szilágyi Erzsébet fasor 22/c., honlapja: www.naih.hu."
A szerződés nyelve magyar nyelv és a szerződés nem minősül írásbeli …,Where can I find detailed information about the bouncy castles and their prices?,"Detailed descriptions of the bouncy castles are available under the “Légváraink” menu at the top of the website, where you can see the name, image, size, weight, and other details for each one. Prices appear under the “Áraink” menu, listed in a table."
A szerződés nyelve magyar nyelv és a szerződés nem minősül írásbeli …,Hol találom a légvárak részletes adatait és az árakat?,"A légvárak részletes leírása a Honlap tetején elérhető „Légváraink” menüpontban található, ahol a nevek mellett a képek, a méret, a súly és egyéb adatok is megjelennek. Az árak a „Áraink” menüpontra kattintva jelennek meg, táblázatba szedve."
A honlapon a termékek lényeges tulajdonságairól az egyes termékeknél szereplő …,Where can I find information about the essential characteristics of the products?,"On the website, we provide information about the essential characteristics of the products in the descriptions shown for each individual product."
A honlapon a termékek lényeges tulajdonságairól az egyes termékeknél szereplő …,Hol találok tájékoztatást a termékek lényeges tulajdonságairól?,A honlapon az egyes termékeknél szereplő leírásokban adunk tájékoztatást a termékek lényeges tulajdonságairól.
"kaució átvétele, melynek az összege 20.000 Ft / játék","Where can I find the bouncy castle prices, and are they gross prices?","The bouncy castle prices can be found in the description for each castle, and the prices are gross prices."
"kaució átvétele, melynek az összege 20.000 Ft / játék","Hol találhatók az ugrálóvár árak, és bruttó árakról van-e szó?","Az ugrálóvárak árai a várakra vonatkozó leírásban találhatók, és az árak bruttó árak."
"Jelen ÁSZF a Szolgáltató valamennyi, a Honlapon keresztül a Bérlő által …",Where can I find the technical information needed to use the Website?,Any technical information needed to use the Website that is not included in these Terms is provided by other information available on the Website.
"Jelen ÁSZF a Szolgáltató valamennyi, a Honlapon keresztül a Bérlő által …",Hol található a Honlap használatához szükséges technikai tájékoztatás?,"A Honlap használatához szükséges azon technikai tájékoztatást, melyet jelen ÁSZF nem tartalmaz, a Honlapon elérhető egyéb tájékoztatások nyújtják."
"GARLANDO CSOCSÓ ASZTAL ÉRMEVIZSGÁLÓ JAVÍTÁS, FELÚJÍTÁS",Where can I request a quote for the services?,You can request a quote under the “PRICES – REQUEST A QUOTE” menu item.
"GARLANDO CSOCSÓ ASZTAL ÉRMEVIZSGÁLÓ JAVÍTÁS, FELÚJÍTÁS",Hol kérhetek árajánlatot a szolgáltatásokra?,Az „ÁRAK – ÁRAJÁNLATKÉRÉS” menüpont alatt lehet árajánlatot kérni.
A jelen ÁSZF hatálya alá tartozó szerződések nem minősülnek írásba foglalt …,"Where can I submit my consumer complaint, and when is customer service available?","Consumer complaints can be submitted at 2011 Budakalász, Csalogány utca 25. Customer service is usually open Mon–Fri 8:00–16:00, but it may differ, so prior arrangement is required in every case. Phone: +36309815937, e-mail: csocsokiraly@csocsokiraly.hu."
A jelen ÁSZF hatálya alá tartozó szerződések nem minősülnek írásba foglalt …,"Hol tudom benyújtani a fogyasztói panaszomat, és mikor érhető el az ügyfélszolgálat?","A fogyasztói kifogásokat a 2011 Budakalász, Csalogány utca 25. alatt lehet előterjeszteni. Az ügyfélszolgálat rendszerint H-P 8.00-16.00-ig tart nyitva, de ettől eltérő is lehet, ezért minden esetben előre egyeztetés szükséges. Telefonszám: +36309815937, e-mail: csocsokiraly@csocsokiraly.hu."
"Tájékoztatjuk, hogy Ön velünk szemben fogyasztói panasszal élhet. Amennyiben az …",Where can I turn if my consumer complaint is rejected?,"If we reject your consumer complaint, you are entitled to contact the Conciliation Body competent for your place of residence or stay."
"Tájékoztatjuk, hogy Ön velünk szemben fogyasztói panasszal élhet. Amennyiben az …","Hová fordulhatok, ha a fogyasztói panaszomat elutasítják?","Ha a fogyasztói panaszát elutasítjuk, Ön jogosult az Ön lakóhelye vagy tartózkodási helye szerint illetékes Békéltető Testülethez fordulni."
Fax száma: (1)‐474‐7921 Elnök: dr. Csanádi Károly E‐mail cím …,Where can I use the online dispute resolution forum if I have a dispute?,"The Lessor informs the Lessee about the use of online dispute resolution, meaning that an online dispute resolution forum is available."
Fax száma: (1)‐474‐7921 Elnök: dr. Csanádi Károly E‐mail cím …,"Hol érhető el az online vitarendezési fórum, ha vitás ügyem van?","A Bérbeadó tájékoztatja a Bérlőt az online vitarendezés igénybevételéről, vagyis online vitarendezési fórum igénybe vehető."
Általanos Szerződési Feltételek - Ugri légvár és ugrálóvár bérlés,"Where can I view the bouncy castles, or where can I write if I have an inquiry?","Please take a look at our bouncy castles, or write to us at info@ugri.hu."
Általanos Szerződési Feltételek - Ugri légvár és ugrálóvár bérlés,"Hol tudom megnézni az ugrálóvárakat, vagy hova írhatok érdeklődés esetén?","Tekintse meg légvárainkat, vagy írjon az info@ugri.hu email címre."
"Ugrálóvárak telepítése, szállítása",Where can the bouncy castle not be installed?,"The bouncy castle cannot be installed near water, fire, or electricity."
"Ugrálóvárak telepítése, szállítása",Milyen környezetben nem telepíthető az ugrálóvár?,"Az ugrálóvárat nem telepítik víz, tűz és villany közelébe."
Szállítás és összeszerelés:,"Where can the bouncy castles be picked up, and how does pickup work?",The bouncy castles can be picked up in person in Üröm at a previously agreed time.
Szállítás és összeszerelés:,"Hol lehet átvenni az ugrálóvárakat, és hogyan történik az átvétel?","Az ugrálóvárak személyesen, Ürömön, előre egyeztetett időpontban vehetők át."
Panasztétel a fogyasztóvédelmi hatóságoknál. Amennyiben a fogyasztó fogyasztói …,Where can the consumer turn if they notice a violation of their consumer rights?,They may file a complaint with the consumer protection authority competent for their place of residence. The first-instance consumer protection authority tasks are performed by the district offices competent for the consumer’s place of residence; their list can be found here: http://jarasinfo.gov.hu/
Panasztétel a fogyasztóvédelmi hatóságoknál. Amennyiben a fogyasztó fogyasztói …,"Hova fordulhat a fogyasztó, ha fogyasztói jogainak megsértését észleli?","A lakóhelye szerint illetékes fogyasztóvédelmi hatósághoz fordulhat panasszal. A fogyasztóvédelmi elsőfokú hatósági feladatokat a fogyasztó lakóhelye szerint illetékes járási hivatalok látják el, ezek listája itt található: http://jarasinfo.gov.hu/"
"A Gowinday Kft. 2011 Budakalász, Csalogány utca 25., a továbbiakban …",Where can the data protection guidelines of Gowinday Kft. be found?,The data protection guidelines related to Gowinday Kft.’s data processing are continuously available at <csocsokiraly.hu/aszf/>.
"A Gowinday Kft. 2011 Budakalász, Csalogány utca 25., a továbbiakban …",Hol érhetők el a Gowinday Kft. adatkezelési irányelvei?,A Gowinday Kft. adatkezeléseivel kapcsolatos adatvédelmi irányelvek folyamatosan elérhetők a <csocsokiraly.hu/aszf/> címen.
A Honlapon a kiválasztott légvárra kattintva ki kell választani a bérlet napját …,Where can the Renter order the selected bouncy castle?,The Renter can order the selected bouncy castle on the „Légvár rendelés” page (called „Pénztár” in the URL).
A Honlapon a kiválasztott légvárra kattintva ki kell választani a bérlet napját …,Hol tudja a Bérlő megrendelni a kiválasztott légvárat?,A Bérlő a „Légvár rendelés” (url-ben rögzített nevén „Pénztár”) lapon tudja megrendelni a kiválasztott légvárat.
A vásárlás ellenértékét a következőképpen egyenlítheti ki Bérlő: a foglalás …,Where does the Renter receive information about the deposit amount?,The Renter receives information about the deposit amount in the confirmation email.
A vásárlás ellenértékét a következőképpen egyenlítheti ki Bérlő: a foglalás …,Hol kap tájékoztatást a Bérlő az előleg összegéről?,A Bérlő a visszaigazolásról szóló e-mailben kap tájékoztatást az előleg mértékéről.
Bérlőnak fizetési kötelezettsége a Szolgáltató e-mailjének megérkezésével …,Where does the Service Provider deliver the orders?,The Service Provider delivers orders to the address provided during the order process throughout the whole territory of Hungary.
Bérlőnak fizetési kötelezettsége a Szolgáltató e-mailjének megérkezésével …,Hol szállítja házhoz a Szolgáltató a megrendeléseket?,"A Szolgáltató a megrendeléseket Magyarország egész területén házhoz szállítja, a megrendelés során megadott címre."
Általános szerződési feltételek,Where is the equipment installed by the professionals?,The rented equipment is installed by the professionals on site.
Általános szerződési feltételek,Hol történik a szakemberek által végzett felszerelés?,A bérbeadott eszközök felszerelését a szakemberek a helyszínen végzik.
A visszajelző e-mailben a bérleti díj táblázata is feltüntetésre kerül.,Where is the rental fee table shown?,The rental fee table is also included in the confirmation email.
A visszajelző e-mailben a bérleti díj táblázata is feltüntetésre kerül.,Hol jelenik meg a bérleti díj táblázata?,A visszajelző e-mailben a bérleti díj táblázata is feltüntetésre kerül.
E tájékoztatóban fel nem sorolt adatkezelésekről az adat felvételekor adunk …,"Which authorities may contact the data controller to request information, disclosure of data, or access to documents?","The court, the prosecutor, the investigative authority, the petty offence authority, the administrative authority, the National Authority for Data Protection and Freedom of Information, the Hungarian National Bank, and other bodies authorized by law may also contact the data controller."
E tájékoztatóban fel nem sorolt adatkezelésekről az adat felvételekor adunk …,"Milyen szervek kereshetik meg az adatkezelőt tájékoztatás, adatok közlése vagy iratok rendelkezésre bocsátása miatt?","A bíróság, az ügyész, a nyomozó hatóság, a szabálysértési hatóság, a közigazgatási hatóság, a Nemzeti Adatvédelmi és Információszabadság Hatóság, a Magyar Nemzeti Bank, illetve jogszabály felhatalmazása alapján más szervek is megkereshetik az adatkezelőt."
"Az érintett jogosult arra, hogy a saját helyzetével kapcsolatos okokból bármikor …",Which authority can be contacted for a complaint according to the provided details?,"The National Authority for Data Protection and Freedom of Information (Nemzeti Adatvédelmi és Információszabadság Hatóság). Address: 1125 Budapest, Szilágyi Erzsébet fasor 22/C. Mailing address: 1530 Budapest, Pf.: 5. Phone: +3613911400. Fax: +3613911410. E-mail: ugyfelszolgalat@naih.hu."
"Az érintett jogosult arra, hogy a saját helyzetével kapcsolatos okokból bármikor …",Milyen hatósághoz lehet panaszt benyújtani a megadott adatok szerint?,"A Nemzeti Adatvédelmi és Információszabadság Hatósághoz. Székhely: 1125 Budapest, Szilágyi Erzsébet fasor 22/C. Levelezési cím: 1530 Budapest, Pf.: 5. Telefon: +3613911400. Fax: +3613911410. E-mail: ugyfelszolgalat@naih.hu."
Szolgáltató jogosult jelen Általános Szerződési Feltételeket a Bérlők Honlapon …,Which cases must the amended provisions be applied to?,The amended provisions must be applied to cases initiated after the amendment.
Szolgáltató jogosult jelen Általános Szerződési Feltételeket a Bérlők Honlapon …,Mely ügyekre kell alkalmazni a módosított rendelkezéseket?,A módosított rendelkezéseket a módosítást követően indított ügyekre kell alkalmazni.
Bérbeadó a hozzá írásban érkezett panaszt 30 napon belül érdemben megválaszolja. …,Which Conciliation Board contact details are included in the text?,"The Budapest Conciliation Board address is 1016 Budapest, Krisztina krt. 99. Telephone: (1) 488-2131, fax: (1) 488-2186, e-mail: bekelteto.testulet@bkik.hu. The Pest County Conciliation Board address is 1055 Budapest Kossuth tér 6-8., telephone: (1)-474-7921."
Bérbeadó a hozzá írásban érkezett panaszt 30 napon belül érdemben megválaszolja. …,Melyik Békéltető Testület elérhetősége szerepel a szövegben?,"A Budapesti Békéltető Testület címe: 1016 Budapest, Krisztina krt. 99. Telefonszáma: (1) 488-2131, fax száma: (1) 488-2186, e-mail címe: bekelteto.testulet@bkik.hu. A Pest Megyei Békéltető Testület címe: 1055 Budapest Kossuth tér 6-8., telefonszáma: (1)-474-7921."
"Tájékoztatjuk, hogy Ön velünk szemben fogyasztói panasszal élhet. Amennyiben az …",Which Conciliation Body is competent for the procedure?,"Based on the consumer's request, the Conciliation Body indicated in the consumer's application is competent instead of the otherwise competent body."
"Tájékoztatjuk, hogy Ön velünk szemben fogyasztói panasszal élhet. Amennyiben az …",Melyik Békéltető Testület illetékes az eljárásra?,Az eljárásra a fogyasztó kérelme alapján az illetékes testület helyett a fogyasztó kérelmében megjelölt békéltető testület illetékes.
"A cookie-k és a hirdetési technológiák, mint például adatgyűjtő jelek, pixelek …",Which cookies are used to improve the user experience?,"Cookies used to improve the user experience include those used for heatmaps, A/B testing, and other web analytics: Beampulse, AB Tasty, Hotjar, and Keepy Eyes. These monitor user behavior and help make the website easier to use. In addition, Mopinion cookies are used for user feedback."
"A cookie-k és a hirdetési technológiák, mint például adatgyűjtő jelek, pixelek …",Milyen cookie-kat használnak a felhasználói élmény növelésére?,"A felhasználói élmény növelésére használt sütik között szerepelnek a heatmap készítéséhez, A/B tesztelésekhez és egyéb webanalitikához használt sütik: Beampulse, AB Tasty, Hotjar és Keepy Eyes. Ezek a felhasználói viselkedést figyelik, és a weboldal könnyebb használhatóságát segítik. Emellett a Mopinion sütijeit is használják felhasználói visszajelzésekre."
A Szerződésre különösen az alábbi jogszabályok vonatkoznak:,Which laws apply particularly to the contract?,The contract is governed in particular by the following laws: Act CLV of 1997 on Consumer Protection; Act CVIII of 2001 on certain issues of electronic commerce services and information society services; Act V of 2013 on the Civil Code (PTK); Government Decree 151/2003. (IX. 22.) on the mandatory warranty for certain durable consumer goods; Government Decree 45/2014. (II.26.) on the detailed rules of contracts between consumers and businesses; and NGM Decree 19/2014. (IV. 29.) on the procedural rules for handling warranty and guarantee claims for goods sold under a contract between a consumer and a business.
A Szerződésre különösen az alábbi jogszabályok vonatkoznak:,Mely jogszabályok vonatkoznak különösen a szerződésre?,"A szerződésre különösen az alábbi jogszabályok vonatkoznak: 1997. évi CLV. törvény a fogyasztóvédelemről; 2001. évi CVIII. törvény az elektronikus kereskedelmi szolgáltatások, valamint az információs társadalommal összefüggő szolgáltatások egyes kérdéseiről; 2013. évi V. törvény a Polgári Törvénykönyvről (PTK); 151/2003. (IX. 22.) Korm. rendelet az egyes tartós fogyasztási cikkekre vonatkozó kötelező jótállásról; 45/2014 (II.26) kormányrendelet a fogyasztó és a vállalkozás közötti szerződések részletes szabályairól; 19/2014. (IV. 29.) NGM rendelet a fogyasztó és vállalkozás közötti szerződés keretében eladott dolgokra vonatkozó szavatossági és jótállási igények intézésének eljárási szabályairól."
ÁLTALÁNOS SZERZŐDÉSI FELTÉTELEK (ÁSZF),Which laws apply to the Terms & Conditions?,"In the provided excerpt, only the heading “Relevant laws” appears; the specific laws are not listed."
ÁLTALÁNOS SZERZŐDÉSI FELTÉTELEK (ÁSZF),Milyen jogszabályok vonatkoznak az ÁSZF-re?,"A megadott részben csak a „Vonatkozó jogszabályok” cím szerepel, de a konkrét jogszabályok nem találhatók meg benne."
"Bizonyos esetekben a megadott adatok egy körének kezelését, tárolását …",Which laws are their data processing principles aligned with?,"Their data processing principles are aligned with the applicable data protection laws, especially Act CXII of 2011 (Infotv.), the GDPR, Act V of 2013 (Civil Code), Act C of 2000 (Accounting Act), Act LIII of 2017 (AML/CFT Act), and Act CCXXXVII of 2013 (Credit Institutions and Financial Enterprises Act)."
"Bizonyos esetekben a megadott adatok egy körének kezelését, tárolását …",Mely jogszabályokkal összhangban áll az adatkezelési alapelvük?,"Az adatkezelési alapelveik összhangban vannak az adatvédelemmel kapcsolatos hatályos jogszabályokkal, különösen a 2011. évi CXII. törvénnyel (Infotv.), a GDPR-ral, a 2013. évi V. törvénnyel (Ptk.), a 2000. évi C. törvénnyel (Számv. tv.), a 2017. évi LIII. törvénnyel (Pmt.), valamint a 2013. évi CCXXXVII. törvénnyel (Hpt.)."
E-mail cím: foglalas@ugraloberles.hu,Which legal regulations does the privacy notice refer to?,"The privacy notice refers to Regulation (EU) 2016/679 of the European Parliament and of the Council (GDPR), and Act CXII of 2011."
E-mail cím: foglalas@ugraloberles.hu,Milyen jogszabályokra hivatkozik az adatvédelmi tájékoztató?,"Az adatvédelmi tájékoztató az Európai Parlament és a Tanács (EU) 2016/679 Rendeletére (GDPR), valamint a 2011. évi CXII. törvényre hivatkozik."
"A Honlapon feltüntetett árak a rendelés időpontjában érvényes árak, amelyeket a …","Which prices are valid at the time of ordering, and do they include VAT?",The prices shown on the website are the prices valid at the time of the order. The prices are gross prices and include 0% VAT (VAT-exempt status).
"A Honlapon feltüntetett árak a rendelés időpontjában érvényes árak, amelyeket a …","Mely árak érvényesek a rendelés időpontjában, és tartalmazzák-e az ÁFÁ-t?","A Honlapon feltüntetett árak a rendelés időpontjában érvényes árak. Az árak bruttó árak, és a 0% ÁFA-t tartalmazzák (alanyi adómentesség)."
"Bérlő – választása szerint – kérhet kijavítást vagy kicserélést, kivéve, ha az …",Which remedy does the Lessor primarily apply for products sold on the Website?,"Due to the nature of the products sold on the Website, the Lessor can primarily apply the remedy of replacement."
"Bérlő – választása szerint – kérhet kijavítást vagy kicserélést, kivéve, ha az …",Milyen jogorvoslatot alkalmaz a Bérbeadó elsősorban a Honlapon forgalmazott termékeknél?,A Honlapon forgalmazott termékek jellegénél fogva a Bérbeadó elsődlegesen a kicserélés intézményét tudja alkalmazni.
Jelen ÁSZF-re a magyar jog az irányadó. A Szolgáltató fenntartja a jogot az ÁSZF …,Which towns are covered by the service?,"The service area includes Mikepércs, Derecske, Balmazújváros, Hajdúböszörmény, Téglás, Létavértes, Vámospércs, Nyíradony, Ebes, and Hajdúszoboszló."
Jelen ÁSZF-re a magyar jog az irányadó. A Szolgáltató fenntartja a jogot az ÁSZF …,Mely településeken elérhető a szolgáltatás?,"A szolgáltatási terület: Mikepércs, Derecske, Balmazújváros, Hajdúböszörmény, Téglás, Létavértes, Vámospércs, Nyíradony, Ebes és Hajdúszoboszló."
Biztonsági szabályok,Which towns/settlements are listed in this excerpt?,"In the provided excerpt, only the heading “Settlements” appears; no list of settlements is shown."
Biztonsági szabályok,Milyen települések vannak felsorolva ebben a részletben?,"A megadott részletben csak a „Települések” cím látható, településlista nem szerepel."
Ez az adatvédelmi tájékoztató a begyűjtött adatok feldolgozásáról és azok …,Which website does this privacy notice apply to?,This privacy notice applies to the services provided through the “Ugrálóbérlés” website (https://www.ugraloberles.hu).
Ez az adatvédelmi tájékoztató a begyűjtött adatok feldolgozásáról és azok …,Melyik weboldalra vonatkozik ez az adatvédelmi tájékoztató?,Ez az adatvédelmi tájékoztató az „Ugrálóbérlés” weboldalon (https://www.ugraloberles.hu) keresztül nyújtott szolgáltatásokra vonatkozik.
"Amennyiben a bérelt eszközökben rongálás, meghibásodás, vagy hiány keletkezett …",Who arranges the procurement of a replacement if an equipment item or part needs to be replaced or supplemented?,"If an equipment item or part needs to be replaced or supplemented, the Lessor will arrange its procurement."
"Amennyiben a bérelt eszközökben rongálás, meghibásodás, vagy hiány keletkezett …",Ki intézi az eszköz vagy alkatrész cseréjének vagy pótlásának beszerzését?,"Amennyiben egy eszközt vagy alkatrészt cserélni vagy pótolni kell, annak a beszerzését a Bérbeadó végzi el."
"Ha a Bérlő, a bérleti idő lejártakor a bérleti tárgyat a Bérbeadó írásbeli …",Who bears all costs related to delivery and removal?,All costs related to delivery and removal are borne by the Lessee.
"Ha a Bérlő, a bérleti idő lejártakor a bérleti tárgyat a Bérbeadó írásbeli …",Kit terhelnek a kiszállással és elszállítással kapcsolatban felmerült költségek?,A kiszállással és elszállítással kapcsolatban felmerült valamennyi költség a Bérlőt terheli.
Az adatokhoz való hozzáférés és adatbiztonsági intézkedésekA kezelt személyes …,Who can access the processed personal data?,"The processed personal data are handled confidentially by the Service Provider, and only its contracted employees may access them."
Az adatokhoz való hozzáférés és adatbiztonsági intézkedésekA kezelt személyes …,Kik férhetnek hozzá a kezelt személyes adatokhoz?,"A kezelt személyes adatokat a Szolgáltató bizalmasan kezeli, és azokhoz kizárólag a szerződött munkatársai férhetnek hozzá."
A Gowinday Kft. elkötelezett ügyfelei és partnerei személyes adatainak …,"Who can be contacted as the data controller, and how?",The data controller can be contacted via István Egri and at the phone number +36309815937.
A Gowinday Kft. elkötelezett ügyfelei és partnerei személyes adatainak …,Kivel és milyen elérhetőségen lehet kapcsolatba lépni az adatkezelővel?,Az adatkezelővel Egri Istvánnál és a +36309815937 telefonszámon lehet kapcsolatba lépni.
"Bérlő a szerződés alanya: A szerződés alanya, Bérlő belföldi természetes …","Who can be the contracting party, i.e. the Tenant?","The contracting party, the Tenant, can be a domestic natural person. The Tenant may be any citizen over 18 years of age with a registered address in Hungary."
"Bérlő a szerződés alanya: A szerződés alanya, Bérlő belföldi természetes …","Ki lehet a szerződés alanya, azaz a Bérlő?","A szerződés alanya, Bérlő belföldi természetes személy lehet. Bérlő lehet minden 18 év feletti, magyarországi bejelentett lakcímmel rendelkező állampolgár."
"A Gowinday Kft. 2011 Budakalász, Csalogány utca 25., a továbbiakban …",Who can I contact if I have a question about this notice?,"If you have a question about this notice, write to them and a colleague will answer your question."
"A Gowinday Kft. 2011 Budakalász, Csalogány utca 25., a továbbiakban …","Kihez fordulhatok, ha kérdésem van ezzel a közleménnyel kapcsolatban?","Ha kérdése van a közleménnyel kapcsolatban, írjon nekik, és a kolléga megválaszolja a kérdését."
"A rendelet hatálya közvetlenül kiterjed az Unióban letelepedett, Magyarországon …",Who decides a cross-border consumer dispute with an EU web store in Hungary?,"In the case of a cross-border consumer dispute, your dispute with an EU web store in Hungary is decided exclusively by the conciliation body operating alongside the chamber of commerce and industry in the capital, free of charge and as quickly as possible."
"A rendelet hatálya közvetlenül kiterjed az Unióban letelepedett, Magyarországon …","Ki dönti el a Magyarországon felmerülő, uniós webáruházzal kapcsolatos határon átnyúló fogyasztói jogvitát?","Határon átnyúló fogyasztói jogvita esetén, uniós webáruházzal fennálló vitáját Magyarországon kizárólagosan a fővárosi kereskedelmi és iparkamara mellett működő békéltető testület dönti el ingyenesen és a lehető leggyorsabban."
Általános szerződési feltételek,Who do the general terms and conditions apply to?,"The general terms and conditions apply to the legal relationship between Istenhegyi Bouncy Castles Kft. and the intermediary, as well as to the legal entities and natural persons appointed by them."
Általános szerződési feltételek,Kikre vonatkoznak az általános szerződési feltételek?,"Az általános szerződési feltételek az Istenhegyi Bouncy Castles Kft. és a közvetítő közötti jogviszonyra, valamint az általuk megbízott jogi és természetes személyekre vonatkoznak."
"Telepítéssel, felügyelet nélkül 2 nap: bruttó 83.000 Ft + kiszállítási díj …",Who do the listed prices apply to?,"The prices apply to family orders placed by private individuals. For company rentals, event rentals, and special requirements, a custom quote is prepared."
"Telepítéssel, felügyelet nélkül 2 nap: bruttó 83.000 Ft + kiszállítási díj …",Kikre vonatkoznak a feltüntetett árak?,"Az árak magánszemélyek által leadott, családi megrendelésekre vonatkoznak. Céges, rendezvényes bérlésnél és speciális igényeknél egyedi ajánlatot készítenek."
"Ugrálóvárak telepítése, szállítása","Who installs, transports, and sets up the bouncy castles?","At the tenant’s request and subject to the conditions, the company may handle the installation, transport, and setup of the bouncy castles. For lighter castles, the company may hand over the equipment to the tenant, but in that case the tenant is responsible for assembly and dismantling. The company does not install near water, fire, or electricity, and the equipment must be kept under supervision from handover until return transport. Setup may take up to 30 minutes, and dismantling up to 20 minutes."
"Ugrálóvárak telepítése, szállítása","Ki végzi az ugrálóvárak telepítését, szállítását és felszerelését?","A bérlő erre vonatkozó kérése és a feltételek ellenében a vállalkozás végezheti az ugrálóvárak telepítését, szállítását és felszerelését. Kisebb súlyú ugrálóváraknál a cég akár a bérlőnek is átadhatja a felszerelést, de ez esetben a felállítás és a leszerelés a bérlő feladata. A cég nem telepít víz, tűz és villany közelébe, valamint az átvételtől a visszaszállításig felügyelet alatt kell tartani az eszközöket. A felállítás maximum 30 perc, a lebontás maximum 20 perc lehet."
"AZ UGRÁLÓVÁR NEM RENDELTETÉSSZERŰ ELHELYEZÉSÉBŐL, HASZNÁLATÁBÓL ADÓDÓ …","Who is responsible for accidents, injuries, and damage caused by improper placement or use of the bounce castle?","In every case, the renter is responsible."
"AZ UGRÁLÓVÁR NEM RENDELTETÉSSZERŰ ELHELYEZÉSÉBŐL, HASZNÁLATÁBÓL ADÓDÓ …","Ki felel az ugrálóvár nem rendeltetésszerű elhelyezéséből vagy használatából adódó balesetekért, sérülésekért és a légvár rongálódásáért?",Minden esetben a bérlő vállal felelősséget.
"az esetlegesen bekövetkezett balesetekért, sérülésekért nem tudunk felelősséget …",Who is responsible for any accidents or injuries that may occur?,We cannot take responsibility for any accidents or injuries that may occur.
"az esetlegesen bekövetkezett balesetekért, sérülésekért nem tudunk felelősséget …",Ki felel az esetlegesen bekövetkezett balesetekért és sérülésekért?,"Az esetlegesen bekövetkezett balesetekért, sérülésekért nem tudunk felelősséget vállalni."
A Bérlési időtartama alatt minden nemű okból bekövetkezett kár a Bérlőt terheli …,Who is responsible for damages occurring for any reason during the rental period?,"Any damage occurring for any reason during the rental period is borne by the Renter, who is fully financially responsible for it."
A Bérlési időtartama alatt minden nemű okból bekövetkezett kár a Bérlőt terheli …,Ki felel a bérlési időtartama alatt minden nemű okból bekövetkezett károkért?,"A bérlési időtartama alatt minden nemű okból bekövetkezett kár a Bérlőt terheli, aki ezért teljes egészében köteles anyagi felelősséget vállalni."
Bérlő a bérelt eszközöket rendeltetésszerűen használhatja. Bérlő felelős minden …,Who is responsible for damages resulting from improper use?,The renter is responsible for all damages resulting from improper use.
Bérlő a bérelt eszközöket rendeltetésszerűen használhatja. Bérlő felelős minden …,Ki felel a nem rendeltetésszerű használatból eredő károkért?,"A bérlő felelős minden olyan kárért, amely a nem rendeltetésszerű használat következménye."
"Hiba, kár, javítás, csere",Who is responsible for faults or damage to the rented equipment if they are attributable to the renter or the renter’s guests?,"If the fault, malfunction, or damage is due to the renter’s or the renter’s guests’ conduct, the repair or compensation for the damage is borne by the renter. For compensation, 60% of the item’s original value or the manufacturer’s replacement value, depending on the time of occurrence, is the applicable basis."
"Hiba, kár, javítás, csere","Ki a felelős a bérelt eszközökben keletkezett hibáért vagy kárért, ha az a bérlőnek vagy vendégeinek felróható?","Ha a hiba, meghibásodás vagy kár a bérlő, illetve annak vendégeinek felróható magatartására vezethető vissza, annak javítása, illetve a kár megtérítése a bérlőt terheli. A kár megtérítésénél az eszköz eredeti értékének vagy gyártó által meghatározott újrabeszerzési értékének 60%-a az irányadó, a bekövetkezés időpontjának megfelelően."
A gyermekek felügyelete kizárólag a Bérlő felelőssége. A nem rendeltetésszerű …,"Who is responsible for supervising the children, and what happens in case of damage caused by improper use?","Supervision of the children is solely the Renter’s responsibility. The Renter is fully liable for damage resulting from improper use. In case of damage, the Service Provider may charge at least two days’ rental fee, and at most 70% of the equipment’s gross market value."
A gyermekek felügyelete kizárólag a Bérlő felelőssége. A nem rendeltetésszerű …,"Ki felel a gyermekek felügyeletéért, és mi történik a nem rendeltetésszerű használatból eredő károk esetén?","A gyermekek felügyelete kizárólag a Bérlő felelőssége. A nem rendeltetésszerű használatból eredő károkért a Bérlő teljes felelősséggel tartozik. Károkozás esetén a Szolgáltató minimum két napi bérleti díjat, maximum az eszköz bruttó piaci értékének 70%-át érvényesítheti."
"A Szállítólevél aláírásával Bérlő igazolja, hogy sérülésektől mentes, működő …","Who is responsible for the damages, faults, or missing items recorded on the Delivery Note?","The Renter is not held responsible for the damages, faults, or missing items recorded on the Delivery Note."
"A Szállítólevél aláírásával Bérlő igazolja, hogy sérülésektől mentes, működő …","A Szállítólevélen rögzített sérülések, hibák, hiányok kinek róhatók fel?","A Bérlőnek a Szállítólevélen rögzített sérülések, hibák, hiányok nem róhatók fel."
Az eszközöket tartalmazó tételes szállítólevél aláírásával Bérlő elismeri a …,Who is responsible for the proper use and return transport of the equipment?,"The Tenant assumes responsibility for the proper and intended use of the equipment, as well as its return transport."
Az eszközöket tartalmazó tételes szállítólevél aláírásával Bérlő elismeri a …,Ki felel az eszközök szakszerű használatáért és visszaszállításáért?,"A Bérlő vállalja a felelősséget az eszközök szakszerű és rendeltetésszerű használatáért, valamint visszaszállításáért."
Általános szerződési feltételek,Who is responsible for using and keeping the rented equipment in good condition?,The renter is responsible for using the rented equipment properly and preserving its condition throughout the entire rental period.
Általános szerződési feltételek,Ki felel a bérbe adott eszközök használatáért és állapotuk megőrzéséért?,"A bérlő felelőssége a bérbe adott eszközök rendeltetésszerű használata, valamint épségük megóvása a teljes bérleti időszak alatt."
"Amennyiben a bérelt eszközökben rongálás, meghibásodás, vagy hiány keletkezett …","Who is responsible if the rented equipment is damaged, malfunctioning, or missing during the rental or return transport?","In such a case, the Renter bears full responsibility and must compensate the Lessor for the cost of restoring the damage and any additional incidental costs, such as transport costs or if the equipment becomes unsuitable for further rental."
"Amennyiben a bérelt eszközökben rongálás, meghibásodás, vagy hiány keletkezett …","Ki felel, ha a bérelt eszközben rongálás, meghibásodás vagy hiány keletkezik a bérlés vagy a visszaszállítás során?","Ilyen esetben a Bérlőt teljes felelősség terheli, és köteles kártalanítani a Bérbeadót a kár helyreállításának összegével és az egyéb járulékos költségekkel együtt, például a szállítási költséggel vagy azzal, ha az eszköz további bérlésre alkalmatlanná válik."
Ez az adatvédelmi tájékoztató a begyűjtött adatok feldolgozásáról és azok …,Who is the data controller on the Ugrálóbérlés website?,"The data controller is High Level Solutions Kft. Its registered office is Hungary, 4400 Nyíregyháza, Selyem utca 24 ground floor 1. Its tax number is 24728920-3-15, and its company registration number is 15-09-081199."
Ez az adatvédelmi tájékoztató a begyűjtött adatok feldolgozásáról és azok …,Ki az adatkezelő az Ugrálóbérlés weboldalon?,"Az adatkezelő a High Level Solutions Kft. Székhelye: Magyarország, 4400 Nyíregyháza, Selyem utca 24 fsz. 1. Adószáma: 24728920-3-15, cégjegyzékszáma: 15-09-081199."
A Gowinday Kft. minden hozzá beérkezett elektronikus levelet az …,"Who is the data protection officer, and what is their phone number?","The data protection officer is István Egri, and the phone number is +36309815937."
A Gowinday Kft. minden hozzá beérkezett elektronikus levelet az …,"Ki az adatvédelmi tisztviselő, és mi a telefonszáma?","Az adatvédelmi tisztviselő neve Egri István, telefonszáma +36309815937."
"Személyes adatai (vagyis azok az adatok, amelyek az Ön személyével kapcsolatba …",Who is the hosting provider and what are its contact details?,"The hosting provider is Tárhely.Eu Kft., with its registered office at 1097 Budapest, Könyves Kálmán körút 12-14., phone number +3617892789, and email address support@tarhely.eu."
"Személyes adatai (vagyis azok az adatok, amelyek az Ön személyével kapcsolatba …","Kikhez tartozik a tárhelyszolgáltató, és milyen elérhetőségei vannak?","A tárhelyszolgáltató a Tárhely.Eu Kft., székhelye 1097 Budapest, Könyves Kálmán körút 12-14., elérhetősége +3617892789, e-mail címe support@tarhely.eu."
"Jelen dokumentum tartalmazza Stonetex Kft. (székhely: 1035 Budapest, Berend utca …",Who is the landlord according to the document?,"The landlord is Stonetex Kft. (registered office: 1035 Budapest, Berend utca 13. fszt. 1., tax number: 13017862-1-41, company registration number: 01-09-714833)."
"Jelen dokumentum tartalmazza Stonetex Kft. (székhely: 1035 Budapest, Berend utca …",Ki a bérbeadó a dokumentum szerint?,"A bérbeadó a Stonetex Kft. (székhely: 1035 Budapest, Berend utca 13. fszt. 1., adószám: 13017862-1-41, cégjegyzékszám: 01-09-714833)."
Általános Szerződési Feltételek (ÁSZF),"Who is the service provider, and what are their contact details?","The service provider is Ja-Le Group Kft. Registered office: 1011 Budapest, Fő utca 37/c 3/1. Tax number: 26243003-2-41. Phone: +36 30 373 3563. Email: hello@jumpkidsugralovar.hu."
Általános Szerződési Feltételek (ÁSZF),"Ki a szolgáltató, és milyen elérhetőségei vannak?","A szolgáltató a Ja-Le Group Kft. Székhelye: 1011 Budapest, Fő utca 37/c 3/1. Adószáma: 26243003-2-41. Telefonszáma: +36 30 373 3563. E-mail címe: hello@jumpkidsugralovar.hu."
"A Szolgáltató ugrálóvárak és légvárak bérbeadását végzi, amely magában foglalja …",Who may install and dismantle the inflatables?,The inflatables may only be installed and dismantled by the Service Provider.
"A Szolgáltató ugrálóvárak és légvárak bérbeadását végzi, amely magában foglalja …",Ki telepítheti és bonthatja a légvárakat?,A légvárakat kizárólag a Szolgáltató telepítheti és bonthatja.
Biztonsági szabályok,"Who may operate the bouncy castle, and can children use it without adult supervision?","The bouncy castle may be operated only by an ADULT in every case, and children may use it only under adult supervision."
Biztonsági szabályok,"Ki működtetheti az ugrálóvárat, és használhatják-e a gyerekek felnőtt felügyelete nélkül?","Az ugrálóvárat minden esetben kizárólag FELNŐTT működtetheti, és a gyermekek csak felnőtt felügyelete mellett használhatják."
A megrendelés a kiszállítást megelőző 48 óráig díjmentesen lemondható. 48 órán …,"Who may supervise the use of the bouncy castle, and what is prohibited inside it?","The bouncy castles may only be used under adult supervision. It is forbidden to bring shoes, glasses, jewelry, hard or sharp objects inside, and eating or drinking in the inflatable and its immediate vicinity is also prohibited. Sprinkling or wetting it, pushing, wrestling, fighting, and climbing up the slide are also forbidden."
A megrendelés a kiszállítást megelőző 48 óráig díjmentesen lemondható. 48 órán …,"Ki felügyelheti az ugrálóvár használatát, és mi tilos benne?","Az ugrálóvárakat kizárólag felnőtt felügyelete mellett lehet használni. Tilos cipőt, szemüveget, ékszert, kemény vagy éles tárgyat bevinni, valamint ételt és italt fogyasztani a légvárban és annak közvetlen közelében. Locsolni, vizezni, lökdösődni, birkózni, verekedni, és a csúszdán felfelé mászni is tilos."
"A bérelt eszközök minden esetben a Bérbeadó tulajdonát képezik, függetlenül a …",Who owns the rented equipment during the rental period?,"The rented equipment always remains the property of the Lessor, regardless of the length of the rental period."
"A bérelt eszközök minden esetben a Bérbeadó tulajdonát képezik, függetlenül a …",Kié a bérelt eszköz a bérlés időtartama alatt is?,"A bérelt eszközök minden esetben a Bérbeadó tulajdonát képezik, függetlenül a bérlési időtartam hosszától."
"Ha a bérelt eszköz Bérlőnek felróható okból meghibásodik, megsérül, Bérlő …",Who pays the repair costs if the damage is caused by the Renter's fault?,"If the rented equipment breaks down or is damaged due to a reason attributable to the Renter, the Renter must reimburse the repair costs and any other documented damages."
"Ha a bérelt eszköz Bérlőnek felróható okból meghibásodik, megsérül, Bérlő …","Ki fizeti a javítási költségeket, ha a kár a Bérlőnek felróható okból történt?","Ha a bérelt eszköz a Bérlőnek felróható okból meghibásodik vagy megsérül, a Bérlő köteles a javítási költségeket és az egyéb igazolt kárt megtéríteni."
"Visszaszállítás, elszámolás",Who pays the return transport cost when the rental ends according to the contract?,"At the end of the rental agreement, the lessee must return the bouncy castle at the place and time specified by the lessor. The return transport costs are generally borne by the lessor, except if the return transport has to be repeated due to the lessee's fault; in that case, the cost is borne by the lessee."
"Visszaszállítás, elszámolás","Ki fizeti a visszaszállítás költségét, ha a bérlés a szerződés szerint fejeződik be?","A bérleti szerződés lejártakor a bérlő köteles az ugrálóvárat a bérbeadó által megjelölt helyen és időben visszaadni. A visszaszállítás költségei általában a bérbeadót terhelik, kivéve, ha a visszaszállítást a bérlő hibájából kell ismételten elvégezni, mert ilyen esetben a költséget a bérlő viseli."
Általános szerződési feltételek,"Who provides the necessary electricity, lighting, water, and other required services?","It is the customer’s responsibility to provide adequate electricity, lighting, water, and all other conditions necessary for the ordered services to be carried out."
Általános szerződési feltételek,"Ki biztosítja a megfelelő villamos energia, világítás, víz és egyéb szükséges szolgáltatásokat?","A megfelelő villamos energia, világítás, víz és minden egyéb, a megrendelt szolgáltatások teljesítéséhez szükséges feltétel biztosítása a megrendelő feladata."
A légvárak szállítására elegendő egy személyautó.,"Who transports the inflatable castle, and how quickly does the compressor inflate it?",The renter transports the inflatable castle and brings it back. The compressor inflates the inflatable castle within one minute.
A légvárak szállítására elegendő egy személyautó.,"Ki szállítja el és hozza vissza az ugrálóvárat, és milyen gyorsan fújja fel a kompresszor?",A bérlő szállítja el és hozza vissza az ugrálóvárat. A kompresszor egy percen belül felfújja az ugrálóvárat.
Amennyiben párhuzamosan többen is ugyanazon eszközt kívánják megrendelni …,Who will be recorded as the customer if several people order the same equipment at the same time?,The Lessor records the sender of the first approval e-mail as the customer.
Amennyiben párhuzamosan többen is ugyanazon eszközt kívánják megrendelni …,"Ki lesz a megrendelő, ha egyszerre többen is ugyanazt az eszközt rendelik meg?",A Bérbeadó az elsőként érkező jóváhagyó e-mail feladóját rögzíti megrendelőként.
"Ha Ön panaszt kíván tenni egy, az interneten vásárolt termékkel vagy …",Whose website and content are protected by copyright?,"Under Section 1(1) of Act LXXVI of 1999 on Copyright (Szjt.), the website is considered a copyrighted work, so every part of it is protected by copyright. The rights holder is De Zone Kft."
"Ha Ön panaszt kíván tenni egy, az interneten vásárolt termékkel vagy …",Kinek a weboldalát és tartalmát védi szerzői jog?,"A weboldal a szerzői jogról szóló 1999. évi LXXVI. törvény (Szjt.) 1. § (1) bekezdése értelmében szerzői műnek minősül, így annak minden része szerzői jogi védelem alatt áll. A jogtulajdonos: De Zone Kft."
"A Google Analytics cookie-k a weboldal teljesítményét mérik, amelyek elemzésével …","Why are advertising-related cookies such as Criteo, RTB House, Facebook, Adform, Bing, and Google Adwords cookies placed on the site?","These cookies are placed on the site so that ads targeting our users are as relevant as possible. Based on your browsing history, you may see ads for similar products on third-party websites."
"A Google Analytics cookie-k a weboldal teljesítményét mérik, amelyek elemzésével …","Milyen célból helyeznek el hirdetésekkel kapcsolatos cookie-kat, például Criteo, RTB House, Facebook, Adform, Bing és Google Adwords sütiket?","Ezeket a cookie-kat azért helyezik el az oldalon, hogy a felhasználóinkat célzó hirdetések minél inkább relevánsabbak legyenek. Előfordulhat, hogy böngészési előzményei alapján hasonló termékek hirdetéseit láthatja egy-egy harmadik fél által üzemeltetett weboldalon."
"A bérleti szerződést aláírjuk, melyhez szükséges személyi igazolvány és …",Will I receive an instruction manual?,"Yes, we provide a detailed instruction manual."
"A bérleti szerződést aláírjuk, melyhez szükséges személyi igazolvány és …",Kapok használati útmutatót?,"Igen, részletes használati útmutatót adunk át."
Szerződés,Within how many days can the written acceptance or rejection of the contract be sent?,The written acceptance or rejection must be sent back within 24 hours after the contract is sent.
Szerződés,Hány napon belül lehet megküldeni a szerződés írásbeli elfogadását vagy elutasítását?,A szerződés megküldését követő 24 órán belül kell az írásbeli elfogadást vagy elutasítást visszaküldeni. A szerződés megküldését követő 24 órán belül kell az írásbeli elfogadást vagy elutasítást visszaküldeni.
Bérbeadó a hozzá írásban érkezett panaszt 30 napon belül érdemben megválaszolja. …,Within how much time does the Lessor respond to a written complaint?,"The Lessor responds substantively to a written complaint within 30 days. Under this contract, the measure means posting it. If the complaint is rejected, the Lessor informs the Lessee of the reason for the rejection."
Bérbeadó a hozzá írásban érkezett panaszt 30 napon belül érdemben megválaszolja. …,Mennyi időn belül válaszol a Bérbeadó a hozzá írásban érkezett panaszra?,A Bérbeadó a hozzá írásban érkezett panaszt 30 napon belül érdemben megválaszolja. Az intézkedés jelen szerződés értelmében a postára adást jelenti. Elutasítás esetén a Bérlőt tájékoztatja az elutasítás indokáról.
A jelen ÁSZF hatálya alá tartozó szerződések nem minősülnek írásba foglalt …,Within how much time must the company substantively answer a written complaint in writing?,"The company must substantively answer the written complaint in writing and take steps to communicate it within thirty days of receipt. A shorter deadline may be set by law, and a longer deadline may be set by statute."
A jelen ÁSZF hatálya alá tartozó szerződések nem minősülnek írásba foglalt …,Mennyi időn belül kell a vállalkozásnak írásban érdemben megválaszolnia az írásbeli panaszt?,"A vállalkozás a beérkezést követően harminc napon belül köteles írásban érdemben megválaszolni és intézkedni annak közlése iránt. Ennél rövidebb határidőt jogszabály, hosszabb határidőt törvény állapíthat meg."
"FIT Solutions Kft. (6725 Szeged, Móra utca 49. f.sz. 1., e-mail …",Within what time does the Service Provider respond to a request for information about data processing?,"The Service Provider fulfills the request as soon as possible, but no later than within 25 days, by letter sent to the contact details provided by the User."
"FIT Solutions Kft. (6725 Szeged, Móra utca 49. f.sz. 1., e-mail …",Mennyi időn belül válaszol a Szolgáltató az adatkezelési tájékoztatás iránti kérelemre?,"A Szolgáltató a kérelmet mihamarabb, de legkésőbb 25 napon belül teljesíti, az általa megadott elérhetőségre küldött levélben."
"Az érintett jogosult arra, hogy az adatkezelőtől visszajelzést kapjon arra …",Within what time must the controller provide the information after the request is submitted?,The controller shall provide the information within no more than one month from the submission of the request.
"Az érintett jogosult arra, hogy az adatkezelőtől visszajelzést kapjon arra …",Meddig kell az adatkezelőnek megadnia a tájékoztatást a kérelem után?,Az adatkezelő a kérelem benyújtásától számított legfeljebb egy hónapon belül adja meg a tájékoztatást.
